,cluster,motif,p-value,q-value,odds-ratio,count-genes-in-cluster,count-genes-bg,remainder-cluster,remainder-bg,tf-log2FC,tf-padj,tf-cluster,%-coverage,genes
0,TPDE,AR,0.1897534293061709,0.2585529182943732,2.5780853517877738,2,51,255,16713,0.219801156064963,9.64284324854606e-08,None,0.7782101167315175,"CDKN1A,CD4"
1,TMDS,AR,0.7384971232946584,0.744891037782058,1.21635,3,50,800,16168,0.219801156064963,9.64284324854606e-08,None,0.37359900373599,"MRPS27,MUC1,RNASE4"
2,MDE_TMDS,AR,0.0233542612001763,0.05496507939031392,3.9216608833735225,4,49,347,16621,0.219801156064963,9.64284324854606e-08,None,1.1396011396011396,"CDC6,PRAME,ATP2B4,ATM"
3,TPDS,AR,0.4163202198480342,0.4572998765297978,0.0,0,53,539,16429,0.219801156064963,9.64284324854606e-08,None,0.0,
4,MDE,AR,4.686004676255642e-06,3.7649623778191885e-05,8.366211374832064,9,44,406,16562,0.219801156064963,9.64284324854606e-08,None,2.1686746987951806,"HLA-E,AKR1B1,STK39,VEGFA,HK2,IFI35,IGFBP3,NDRG1,EGFR"
5,TPDE_TMDS,AR,0.0172730830209135,0.0442266850975038,4.314389046757944,4,49,316,16652,0.219801156064963,9.64284324854606e-08,None,1.25,"PTPRM,QSOX1,ORM2,FAM13A"
6,TMDE,AR,0.625505679754859,0.6434567202548461,1.0298323471400397,1,52,312,16656,0.219801156064963,9.64284324854606e-08,None,0.3194888178913738,HSD17B11
7,TPDE,ATF2,0.1010070718717444,0.1681046267579746,10.9140625,1,6,256,16758,0.361607835143277,1.19871279486952e-38,None,0.3891050583657587,CDKN1A
8,MDE,ATF2,0.0114763876255983,0.032216847189932576,16.08329297820823,2,5,413,16601,0.361607835143277,1.19871279486952e-38,None,0.4819277108433735,"FN1,CCND1"
9,TPDE_TMDS,ATF2,0.1243872150505503,0.19193523911773655,8.725705329153605,1,6,319,16695,0.361607835143277,1.19871279486952e-38,None,0.3125,DUSP1
10,TPDE,CEBPA,0.000253487690475,0.0011358198438591344,7.561001277907239,6,53,251,16711,0.430720529059205,4.56409218857444e-19,TPDE_TMDS,2.3346303501945527,"TNFAIP3,ITGAX,CDKN1A,ITGAL,SCD,APBB1IP"
11,TPDS_TMDE,CEBPA,0.6283314287834859,0.6434567202548461,0.0,0,59,288,16674,0.430720529059205,4.56409218857444e-19,TPDE_TMDS,0.0,
12,TMDS,CEBPA,0.7568048916910912,0.7600669817414838,1.0860267857142858,3,56,800,16162,0.430720529059205,4.56409218857444e-19,TPDE_TMDS,0.37359900373599,"DEFA3,RNASE2,TIMP2"
13,MDE_TMDS,CEBPA,3.052248939555912e-07,4.18337648774428e-06,9.976659285415046,10,49,341,16621,0.430720529059205,4.56409218857444e-19,TPDE_TMDS,2.849002849002849,"APOB,LBP,CXCL8,CETP,XDH,HAMP,IGFBP1,BCL2,UHRF1,TF"
14,TPDS,CEBPA,0.2657243885414159,0.32850399347888815,0.0,0,59,539,16423,0.430720529059205,4.56409218857444e-19,TPDE_TMDS,0.0,
15,MDE,CEBPA,4.741138796850501e-13,1.8411422327769446e-11,15.486157253599114,16,43,399,16563,0.430720529059205,4.56409218857444e-19,TPDE_TMDS,3.855421686746989,"CDH13,SPI1,ICAM1,SMYD2,TOP2A,MSR1,FAS,S100A9,ALOX5AP,ENPP3,KCNMA1,GAPDH,HP,CCND1,FN1,ITGB2"
16,TPDE_TMDS,CEBPA,0.0986649354748974,0.1665864490264572,2.8223862100045065,3,56,317,16645,0.430720529059205,4.56409218857444e-19,TPDE_TMDS,0.9375,"CCNB1,LEP,FGA"
17,TMDE,CEBPA,0.2944375932219928,0.34648464252891076,1.8850341287301853,2,57,311,16651,0.430720529059205,4.56409218857444e-19,TPDE_TMDS,0.6389776357827476,"TK1,HSD17B11"
18,TPDE,CEBPB,0.0006756435386395,0.00245976475785943,22.0,3,9,254,16755,0.545152846372721,3.9391549553528704e-23,TPDE,1.1673151750972763,"ADM,CDKN1A,F8"
19,MDE_TMDS,CEBPB,0.2211716007494428,0.29114679646678066,4.32987012987013,1,11,350,16659,0.545152846372721,3.9391549553528704e-23,TPDE,0.2849002849002849,CXCL8
20,MDE,CEBPB,0.0026829682393771,0.008930451425355205,13.435275080906148,3,9,412,16597,0.545152846372721,3.9391549553528704e-23,TPDE,0.7228915662650602,"S100A9,TNFAIP6,HP"
21,TPDE_TMDS,CEBPB,0.0205117997646754,0.049783847345514255,10.50377358490566,2,10,318,16691,0.545152846372721,3.9391549553528704e-23,TPDE,0.625,"SAA2,CRP"
22,TMDE,CEBPB,0.1996051758035071,0.2672873905874549,4.868298368298368,1,11,312,16697,0.545152846372721,3.9391549553528704e-23,TPDE,0.3194888178913738,ASNS
23,TPDE,CREB1,0.0209188654281795,0.050248408708926016,10.114027149321268,2,13,255,16751,0.218107377384263,5.8706393755406694e-18,None,0.7782101167315175,"FLT1,CD4"
24,TPDS_TMDE,CREB1,0.2257572006436527,0.2953818201526729,4.164509706321553,1,14,287,16719,0.218107377384263,5.8706393755406694e-18,None,0.3472222222222222,PLAT
25,MDE_TMDS,CREB1,0.2683315980333244,0.32850399347888815,3.4020408163265308,1,14,350,16656,0.218107377384263,5.8706393755406694e-18,None,0.2849002849002849,BCL2
26,MDE,CREB1,8.391090868973406e-07,9.775620862354018e-06,27.06764466177669,6,9,409,16597,0.218107377384263,5.8706393755406694e-18,None,1.4457831325301205,"HLA-DRA,HLA-DOB,VEGFA,CXCR4,CCND1,FN1"
27,TPDE,CTCF,0.3366590232544053,0.39220776209138214,2.5186298076923075,1,26,256,16738,0.238267853589123,1.6173665678341202e-15,None,0.3891050583657587,HMCN1
28,MDS,CTCF,0.1881552398614566,0.25788335816305524,4.997041420118343,1,26,130,16864,0.238267853589123,1.6173665678341202e-15,None,0.7633587786259541,ESRP2
29,TMDS,CTCF,0.1322567027674339,0.19753725477443654,2.5340625,3,24,800,16194,0.238267853589123,1.6173665678341202e-15,None,0.37359900373599,"ARL2,MB,MRPL17"
30,MDE_TMDS,CTCF,0.0002001607888762,0.0009327492761630919,10.949816079873884,5,22,346,16648,0.238267853589123,1.6173665678341202e-15,None,1.4245014245014245,"GAS7,C1R,BBC3,CIDEB,KSR1"
31,TPDS,CTCF,0.5802765859093929,0.6095865651356773,1.178295682013154,1,26,538,16456,0.238267853589123,1.6173665678341202e-15,None,0.1855287569573284,PAGE4
32,MDE,CTCF,0.4862136632541712,0.5196687318267059,1.5427350427350428,1,26,414,16580,0.238267853589123,1.6173665678341202e-15,None,0.2409638554216867,CCND1
33,TPDE_TMDS,CTCF,0.4007316580063266,0.4488965207474716,2.013624306727755,1,26,319,16675,0.238267853589123,1.6173665678341202e-15,None,0.3125,CDKN2A
34,TPDE,EGR1,4.518765949942766e-06,3.760258808345231e-05,12.35242105263158,7,38,250,16726,0.189255434634112,3.25334724953474e-07,None,2.723735408560312,"TFPI2,CEBPB,CDKN1A,TGFB1,ALOX5,FLT1,SERPINE1"
35,MDS,EGR1,0.2933545283458015,0.34648464252891076,2.952797202797203,1,44,130,16846,0.189255434634112,3.25334724953474e-07,None,0.7633587786259541,HSD11B2
36,MDE_TMDS,EGR1,0.0650005332681419,0.12620936876230884,3.421592775041051,3,42,348,16628,0.189255434634112,3.25334724953474e-07,None,0.8547008547008548,"ACHE,CD28,BCL2"
37,TPDS,EGR1,0.4046457913104273,0.45111229366186395,0.0,0,45,539,16437,0.189255434634112,3.25334724953474e-07,None,0.0,
38,MDE,EGR1,9.729371481487385e-08,1.5112957034577072e-06,11.71499118165785,10,35,405,16571,0.189255434634112,3.25334724953474e-07,None,2.409638554216868,"CDH13,ANGPTL4,EGFR,AKR1B1,MMP14,VEGFA,SLC1A4,CCND1,FN1,CD44"
39,TPDE_TMDS,EGR1,0.0098859994157878,0.029231572335912698,5.156221055881445,4,41,316,16660,0.189255434634112,3.25334724953474e-07,None,1.25,"PLAUR,BAX,TCF4,SPRY1"
40,TMDE,EGR1,0.5657446784874902,0.5991750458526601,1.217074592074592,1,44,312,16664,0.189255434634112,3.25334724953474e-07,None,0.3194888178913738,HIF1A
41,MDE_TMDS,ELK1,0.0138599031668123,0.037119051009968575,13.647155137126484,2,7,349,16663,0.226785490448757,4.94457291264279e-06,None,0.5698005698005698,"F2,LY96"
42,TMDE,ELK1,0.1538024651876395,0.21851203895560975,6.693910256410256,1,8,312,16700,0.226785490448757,4.94457291264279e-06,None,0.3194888178913738,JUNB
43,TPDE,EPAS1,3.3258932584675004e-05,0.0001937332823057319,99.0,3,2,254,16762,0.527854460189696,3.98409546929896e-12,TMDE,1.1673151750972763,"CA9,FLT1,SERPINE1"
44,MDE,EPAS1,0.1160937907597826,0.18605779844040646,10.02777777777778,1,4,414,16602,0.527854460189696,3.98409546929896e-12,TMDE,0.2409638554216867,VEGFA
45,TMDE,EPAS1,0.088615258189981,0.15408473998705655,13.387820512820513,1,4,312,16704,0.527854460189696,3.98409546929896e-12,TMDE,0.3194888178913738,BHLHE40
46,TPDE,ERG,0.1010070718717444,0.1681046267579746,10.9140625,1,6,256,16758,0.314785016340095,1.2385755806424399e-13,None,0.3891050583657587,MMP9
47,MDE_TMDS,ERG,0.1356990785676729,0.1976117831641737,7.938095238095238,1,6,350,16664,0.314785016340095,1.2385755806424399e-13,None,0.2849002849002849,ICAM2
48,MDE,ERG,1.1494080767087648e-05,8.11551763251946e-05,53.87185725871857,4,3,411,16603,0.314785016340095,1.2385755806424399e-13,None,0.9638554216867472,"VIM,HMOX1,CDH5,VWF"
49,TPDE,ETS1,7.984269515189233e-06,6.0010799904486815e-05,8.976706827309236,8,60,249,16704,0.614405989748941,4.386509797034141e-47,TPDE,3.11284046692607,"LCK,MMP9,CDKN1A,ITGA5,ANGPT2,CD4,ITGA4,FLT1"
50,TPDS_TMDE,ETS1,0.6324102529543337,0.6434567202548461,0.0,0,68,288,16665,0.614405989748941,4.386509797034141e-47,TPDE,0.0,
51,TMDS,ETS1,0.0776125630798961,0.14352164442552215,0.0,0,68,803,16150,0.614405989748941,4.386509797034141e-47,TPDE,0.0,
52,MDE_TMDS,ETS1,0.0004816402352968,0.0019020707597314304,5.560903545558521,7,61,344,16609,0.614405989748941,4.386509797034141e-47,TPDE,1.9943019943019944,"PF4,MYB,GZMB,CD3D,CD6,BCL2,CD5"
53,TPDS,ETS1,0.2795050369764026,0.3374335420492322,0.0,0,68,539,16414,0.614405989748941,4.386509797034141e-47,TPDE,0.0,
54,MDE,ETS1,1.5983684549561398e-15,9.310496250119514e-14,16.260255617398474,19,49,396,16557,0.614405989748941,4.386509797034141e-47,TPDE,4.578313253012048,"WAS,VWF,TNFRSF10B,JAK3,CCND1,MET,PCSK6,CD53,VEGFA,OAS2,FAS,COL1A1,CXCR4,ASAP1,CDH13,RUNX1,LCP1,CD8A,HMOX1"
55,TPDE_TMDS,ETS1,0.1349293598347019,0.1976117831641737,2.431594273234652,3,65,317,16636,0.614405989748941,4.386509797034141e-47,TPDE,0.9375,"CDKN2A,CIP2A,FLI1"
56,TMDE,ETS1,0.1286539826725535,0.19465180495262965,2.487543424317618,3,65,310,16643,0.614405989748941,4.386509797034141e-47,TPDE,0.9584664536741214,"CASP8,TFRC,BID"
57,TPDS_TMDE,ETS2,0.0659769543746579,0.12704653197764706,19.434378629500586,1,3,287,16730,-0.126229018229096,0.0188969988680203,None,0.3472222222222222,MMP3
58,TPDS,ETS2,0.1207662344571318,0.19012522046291697,10.211895910780669,1,3,538,16479,-0.126229018229096,0.0188969988680203,None,0.1855287569573284,ANPEP
59,MDE,FLI1,0.1160937907597826,0.18605779844040646,10.02777777777778,1,4,414,16602,0.458439187856357,3.33385666065698e-32,TPDE_TMDS,0.2409638554216867,HMOX1
60,TPDE,FOS,0.0005814869459006,0.002185265457981287,12.047430830039524,4,22,253,16742,0.128423284470485,0.0224714868178632,None,1.556420233463035,"CDKN1A,MMP9,ITGA5,RUNX2"
61,MDE_TMDS,FOS,0.4180466682439783,0.4572998765297978,1.9051428571428568,1,25,350,16645,0.128423284470485,0.0224714868178632,None,0.2849002849002849,CXCL8
62,MDE,FOS,2.1294649785425745e-06,1.9083282307708453e-05,14.995098039215684,7,19,408,16587,0.128423284470485,0.0224714868178632,None,1.686746987951807,"TNFAIP6,HLA-DRA,NR3C1,FAS,NEFL,VEGFA,CSTA"
63,TPDE_TMDS,FOS,0.3892672071521406,0.44028766634198424,2.094169278996865,1,25,319,16676,0.128423284470485,0.0224714868178632,None,0.3125,PLAUR
64,TPDE,FOSL1,0.0872300186499816,0.15397419958670994,13.096875,1,5,256,16759,0.457374877937257,4.97135940657473e-09,None,0.3891050583657587,MMP9
65,TPDE_TMDS,FOSL1,0.0001261766647439,0.0006391122366375804,52.68454258675079,3,3,317,16698,0.457374877937257,4.97135940657473e-09,None,0.9375,"CDKN2A,CLU,PLAUR"
66,MDE_TMDS,FOSL2,0.060594289392817,0.11964804600446068,23.814285714285717,1,2,350,16668,0.602683229408131,4.6791453681317196e-30,TMDE,0.2849002849002849,BRCA1
67,TPDE_TMDS,FOSL2,0.0010438130972193,0.0036849765401832865,105.0377358490566,2,1,318,16700,0.602683229408131,4.6791453681317196e-30,TMDE,0.625,"CLU,PLAUR"
68,MDE_TMDS,FOXA1,0.0024747703993173,0.008356833377404796,47.76504297994269,2,2,349,16668,0.215918621908594,9.80513126179571e-08,None,0.5698005698005698,"APOB,BRCA1"
69,TPDE_TMDS,FOXA1,0.0731007085808228,0.13625972079465373,17.45141065830721,1,3,319,16698,0.215918621908594,9.80513126179571e-08,None,0.3125,CEBPA
70,TMDE,FOXA1,0.0715458814435392,0.13443701916406964,17.85042735042735,1,3,312,16705,0.215918621908594,9.80513126179571e-08,None,0.3194888178913738,CFTR
71,TPDS,FOXM1,0.0316667645849245,0.07163452571152823,inf,1,0,538,16482,-0.354479126794991,2.3632890337842603e-09,TPDE_TMDS,0.1855287569573284,LAMA2
72,TPDE,FOXO1,0.1668239638738921,0.23415652760612565,5.953125,1,11,256,16753,-0.115832126337821,0.0001113877245597,None,0.3891050583657587,MCM5
73,TPDS_TMDE,FOXO1,0.185119654124084,0.25674332982685455,5.300285080772886,1,11,287,16722,-0.115832126337821,0.0001113877245597,None,0.3472222222222222,CDKN1C
74,MDS,FOXO1,0.0885182244919714,0.15408473998705655,11.811188811188812,1,11,130,16879,-0.115832126337821,0.0001113877245597,None,0.7633587786259541,PCK1
75,TPDS,FOXO1,0.0056028868168385,0.017641522004369872,10.25,3,9,536,16473,-0.115832126337821,0.0001113877245597,None,0.5565862708719851,"ABCB1,PCK2,G6PC"
76,MDE,FOXO1,0.2562934469925007,0.32105576961963794,3.646464646464647,1,11,414,16595,-0.115832126337821,0.0001113877245597,None,0.2409638554216867,CCND1
77,TPDE_TMDS,FOXO1,0.0205117997646754,0.049783847345514255,10.50377358490566,2,10,318,16691,-0.115832126337821,0.0001113877245597,None,0.625,"CCNB1,CCNB2"
78,TPDE,FOXO3,0.1917760737989919,0.259789681367239,5.037259615384615,1,13,256,16751,0.292091164449791,4.43609254862827e-22,None,0.3891050583657587,CDKN1A
79,MDS_TMDE,FOXO3,0.0783919857359353,0.14382151713758207,13.282574568288856,1,13,98,16909,0.292091164449791,4.43609254862827e-22,None,1.0101010101010102,PLAU
80,MDE_TMDS,FOXO3,0.2529386701329226,0.31856600076200525,3.663736263736264,1,13,350,16657,0.292091164449791,4.43609254862827e-22,None,0.2849002849002849,BNIP3L
81,MDE,FOXO3,0.2920909550756829,0.34648464252891076,3.0854700854700856,1,13,414,16593,0.292091164449791,4.43609254862827e-22,None,0.2409638554216867,SOD2
82,TPDE,GATA2,0.1145753818628744,0.18605779844040646,9.354910714285714,1,7,256,16757,-0.2492984221004,2.03017931069884e-06,MDS_TMDE,0.3891050583657587,CYBB
83,MDS_TMDE,GATA2,0.0455852765536686,0.09568801294598904,24.66763848396501,1,7,98,16915,-0.2492984221004,2.03017931069884e-06,MDS_TMDE,1.0101010101010102,WT1
84,TMDS,GATA2,0.3205880870649411,0.3753619310860868,2.8888493053081583,1,7,802,16211,-0.2492984221004,2.03017931069884e-06,MDS_TMDE,0.12453300124533,ADH1A
85,TPDS,GATA2,0.2269242309327401,0.2953818201526729,4.376526818906001,1,7,538,16475,-0.2492984221004,2.03017931069884e-06,MDS_TMDE,0.1855287569573284,CTSH
86,TMDE,GATA2,0.1379577757645556,0.19842075156260158,7.6501831501831505,1,7,312,16701,-0.2492984221004,2.03017931069884e-06,MDS_TMDE,0.3194888178913738,TGFB2
87,TPDE,HIF1A,4.451427446506048e-08,7.408447107399351e-07,10.411246612466124,11,72,246,16692,0.666442473694808,5.29776789954805e-24,TMDE,4.280155642023346,"ETS1,PGK1,CDKN1A,CA9,ANGPT2,TLR2,PGAM1,ENO1,FLT1,ADM,SERPINE1"
88,TPDS_TMDE,HIF1A,0.4077410077660122,0.452398356235623,0.0,0,83,288,16650,0.666442473694808,5.29776789954805e-24,TMDE,0.0,
89,TMDS,HIF1A,0.1881526578390115,0.25788335816305524,0.2466090870385013,1,82,802,16136,0.666442473694808,5.29776789954805e-24,TMDE,0.12453300124533,TFF3
90,MDE_TMDS,HIF1A,0.0003012377827385,0.0012761527886921908,5.184062196307094,8,75,343,16595,0.666442473694808,5.29776789954805e-24,TMDE,2.2792022792022792,"BNIP3L,CP,NPM1,PFKFB4,IGFBP1,TIMP1,ABCA1,TF"
91,TPDS,HIF1A,0.116585573271671,0.18605779844040646,0.0,0,83,539,16399,0.666442473694808,5.29776789954805e-24,TMDE,0.0,
92,MDE,HIF1A,3.0931899462196143e-17,2.4023775248972338e-15,15.239310891419514,22,61,393,16545,0.666442473694808,5.29776789954805e-24,TMDE,5.301204819277109,"PFKP,LOX,FHL1,MET,NAMPT,BHLHE41,VEGFA,ALDOA,ITGB2,SLC2A1,NR3C1,MMP14,GAPDH,CXCR4,LGALS1,PKM,CDH13,CD36,ENO2,LDHA,HMOX1,HK2"
93,TPDE_TMDS,HIF1A,4.055161867907964e-07,5.24918175123642e-06,8.257416396979504,11,72,309,16629,0.666442473694808,5.29776789954805e-24,TMDE,3.4375000000000004,"TUBB3,PLAUR,COX4I2,BAX,CYGB,BIRC5,FOXM1,BNIP3,LEP,STC2,AURKA"
94,TMDE,HIF1A,0.0181144290332709,0.045383461986581934,3.477355977355977,5,78,308,16630,0.666442473694808,5.29776789954805e-24,TMDE,1.5974440894568689,"GYS1,TGFB3,BHLHE40,EDNRB,TFRC"
95,TPDS_TMDE,HNF1A,0.0007142721590607,0.0025603909701714324,22.01710526315789,3,8,285,16725,-0.205147706614838,1.83724031953321e-05,None,1.0416666666666663,"APOH,ALB,UGT1A1"
96,TMDS,HNF1A,0.4122347283256487,0.4552165483406453,2.0221945137157107,1,10,802,16208,-0.205147706614838,1.83724031953321e-05,None,0.12453300124533,SLC2A2
97,TPDS,HNF1A,1.2307469054008066e-05,8.193257970239655e-05,25.720973782771537,5,6,534,16476,-0.205147706614838,1.83724031953321e-05,None,0.927643784786642,"MTTP,HNF4A,UGT2B7,UGT1A9,G6PC"
98,MDS_TMDE,HNF4A,0.0011790055671581,0.004100123838027422,16.02462121212121,3,33,96,16889,-0.531437198976817,8.78325240569164e-26,TPDS,3.0303030303030303,"PROZ,SHBG,APOA1"
99,TPDS_TMDE,HNF4A,0.0003258276670746,0.0013318920426031893,9.536646529123448,5,31,283,16702,-0.531437198976817,8.78325240569164e-26,TPDS,1.7361111111111112,"SERPINC1,APOC3,CEACAM1,PCSK9,LDLR"
100,MDS,HNF4A,0.0311143368336735,0.07107490668868555,7.701778385772914,2,34,129,16856,-0.531437198976817,8.78325240569164e-26,TPDS,1.5267175572519085,"PCK1,PKLR"
101,TMDS,HNF4A,0.0257068187351165,0.05930384916120936,3.277952946883337,5,31,798,16187,-0.531437198976817,8.78325240569164e-26,TPDS,0.62266500622665,"SLC2A2,ABCC2,ACOT13,CYP27A1,EPHX1"
102,TPDS,HNF4A,1.6967460779055316e-12,5.647740516456984e-11,19.978181818181817,14,22,525,16460,-0.531437198976817,8.78325240569164e-26,TPDS,2.5974025974025974,"ALDOB,MME,ALDH6A1,EPHX2,SLC22A6,EFHD1,ANK3,CYP8B1,EBP,UGT2B7,UGT1A9,BPHL,PCK2,G6PC"
103,TPDE,IRF1,4.501392207608072e-05,0.0002439126475285304,26.50434782608696,4,10,253,16754,0.378570602762277,8.63331708031633e-08,MDE_TMDS,1.556420233463035,"HLA-G,IFIT3,CYBB,HLA-A"
104,MDE,IRF1,0.0042798452880204,0.013850054890399349,10.992497793468669,3,11,412,16595,0.378570602762277,8.63331708031633e-08,MDE_TMDS,0.7228915662650602,"PSMB9,TAP2,CD40"
105,TPDE_TMDS,IRF1,0.2332599917671406,0.29862405539419645,4.02724861345551,1,13,319,16688,0.378570602762277,8.63331708031633e-08,MDE_TMDS,0.3125,CXCL10
106,TMDE,IRF1,0.2287503104375431,0.2961045685108197,4.119329388560158,1,13,312,16695,0.378570602762277,8.63331708031633e-08,MDE_TMDS,0.3194888178913738,DDX58
107,TPDE,JUN,3.0960830571640534e-08,5.992720951293904e-07,20.715477293790546,8,26,249,16738,0.396769289150696,9.802147610466829e-22,None,3.11284046692607,"TFPI2,MMP9,ETS1,TGFB1,ITGAX,SERPINE1,RUNX2,GJA1"
108,TMDS,JUN,0.6739347767988613,0.6827252304092812,1.2654494382022472,2,32,801,16186,0.396769289150696,9.802147610466829e-22,None,0.24906600249066,"CTSL,TIMP2"
109,MDE_TMDS,JUN,0.0323196321183578,0.0724084065728593,4.635706340378198,3,31,348,16639,0.396769289150696,9.802147610466829e-22,None,0.8547008547008548,"MYB,CXCL8,BRCA1"
110,TPDS,JUN,0.6272894293103464,0.6434567202548461,0.0,0,34,539,16448,0.396769289150696,9.802147610466829e-22,None,0.0,
111,MDE,JUN,2.702669822547748e-10,5.72474607866932e-09,19.65841584158416,11,23,404,16583,0.396769289150696,9.802147610466829e-22,None,2.6506024096385543,"SPI1,ICAM1,CYP2J2,EGFR,NR3C1,VIM,FAS,VCAM1,CSTA,CCND1,CD44"
112,TPDE_TMDS,JUN,0.1332639739653619,0.1976117831641737,3.282429245283019,2,32,318,16669,0.396769289150696,9.802147610466829e-22,None,0.625,"RHOB,PLAUR"
113,TMDE,JUN,0.1285670410458248,0.19465180495262965,3.357717041800643,2,32,311,16676,0.396769289150696,9.802147610466829e-22,None,0.6389776357827476,"RELB,NFKB2"
114,TPDE,JUND,0.0872300186499816,0.15397419958670994,13.096875,1,5,256,16759,0.27427078479431,5.88921699334552e-14,None,0.3891050583657587,TGFB1
115,MDE_TMDS,JUND,0.1175070886766471,0.18625273239223655,9.525714285714283,1,5,350,16665,0.27427078479431,5.88921699334552e-14,None,0.2849002849002849,MYB
116,MDE,JUND,0.1376385503530335,0.19842075156260158,8.022222222222222,1,5,414,16601,0.27427078479431,5.88921699334552e-14,None,0.2409638554216867,CSTA
117,TPDE_TMDS,JUND,0.0050253167199341,0.016039709530748566,26.25943396226415,2,4,318,16697,0.27427078479431,5.88921699334552e-14,None,0.625,"CLU,PLAUR"
118,TPDE_TMDS,KMT2A,0.0372460758162328,0.08035495986279854,52.35423197492163,1,1,319,16700,0.12571498733917,4.95032719741866e-08,None,0.3125,FOXC2
119,TPDS,LEF1,0.2016535753728365,0.2684873317821195,5.105947955390334,1,6,538,16476,0.124659212797745,4.5569462840966e-05,MDE_TMDS,0.1855287569573284,DSP
120,MDE,LEF1,0.1586569330160682,0.2240428205620842,6.685185185185185,1,6,414,16600,0.124659212797745,4.5569462840966e-05,MDE_TMDS,0.2409638554216867,CCND1
121,TPDE_TMDS,LEF1,0.1243872150505503,0.19193523911773655,8.725705329153605,1,6,319,16695,0.124659212797745,4.5569462840966e-05,MDE_TMDS,0.3125,BIRC5
122,TPDE,NFKB1,7.139814188602686e-06,5.54525568648142e-05,9.12885440065346,8,59,249,16705,0.41201359702745,4.4557823458812796e-48,None,3.11284046692607,"TNFAIP3,TFPI2,MMP9,CD74,TLR2,BIRC3,SERPINE1,F8"
123,TPDS_TMDE,NFKB1,0.6316074852454094,0.6434567202548461,0.0,0,67,288,16666,0.41201359702745,4.4557823458812796e-48,None,0.0,
124,TMDS,NFKB1,0.3768459879446479,0.42831763507855103,0.306393108138744,1,66,802,16152,0.41201359702745,4.4557823458812796e-48,None,0.12453300124533,TFF3
125,MDE_TMDS,NFKB1,1.036932496413072e-06,1.0982057802920263e-05,8.576426403251531,10,57,341,16613,0.41201359702745,4.4557823458812796e-48,None,2.849002849002849,"PTAFR,IRF1,CXCL8,MYB,CD86,IL1RN,BCL2,EBI3,IRF7,BRCA1"
126,TPDS,NFKB1,0.2770980584387837,0.336270039667899,0.0,0,67,539,16415,0.41201359702745,4.4557823458812796e-48,None,0.0,
127,MDE,NFKB1,4.036427676079362e-12,1.1756095606581143e-10,13.056956115779643,16,51,399,16555,0.41201359702745,4.4557823458812796e-48,None,3.855421686746989,"ICAM1,HLA-F,VIM,MMP14,VCAM1,ALOX5AP,VEGFA,FAS,B2M,TNFRSF10B,VWF,CCND1,HMOX1,CD40,EGFR,SOD2"
128,TPDE_TMDS,NFKB1,3.471179927781213e-05,0.0001972646154080543,7.258148631029987,8,59,312,16642,0.41201359702745,4.4557823458812796e-48,None,2.5,"PLAUR,IRF4,CXCL5,BIRC5,CXCL10,SAA2,CRP,BRCA2"
129,TMDE,NFKB1,0.0344179395121701,0.07565452741826069,3.4330918991113166,4,63,309,16645,0.41201359702745,4.4557823458812796e-48,None,1.2779552715654952,"HIF1A,SERPINB1,A2M,JUNB"
130,TPDS_TMDE,NR2F2,0.016920274954468,0.04380471182656716,inf,1,0,287,16733,-0.638250866594751,1.12612798864757e-43,TMDS,0.3472222222222222,APOC3
131,MDS,NR3C1,0.0153330672800732,0.040597780412011994,129.92307692307693,1,1,130,16889,0.500808773822367,1.14179479521136e-47,MDE,0.7633587786259541,ATP1B1
132,MDS_TMDE,PAX8,0.0001000768537901,0.0005221264236254533,348.9072164948454,2,1,97,16921,-0.372154662591395,7.500873686614528e-28,MDS_TMDE,2.0202020202020203,"GATA3,WT1"
133,MDE,POU2F1,1.1494080767087648e-05,8.11551763251946e-05,53.87185725871857,4,3,411,16603,0.143195695792881,3.44946556050161e-14,None,0.9638554216867472,"SPI1,VWF,CCND1,HLA-DRA"
134,TPDE,RARA,0.0001799854669967,0.0008736794543798146,39.6,3,5,254,16759,0.574999243677336,5.38152239087969e-33,TMDE,1.1673151750972763,"CDKN1A,SCD,ETS1"
135,MDS,RARA,0.059925738149536,0.11964804600446068,18.56043956043956,1,7,130,16883,0.574999243677336,5.38152239087969e-33,TMDE,0.7633587786259541,MACROD1
136,MDE,RARA,0.1791618292339641,0.24996830066774628,5.73015873015873,1,7,414,16599,0.574999243677336,5.38152239087969e-33,TMDE,0.2409638554216867,ICAM1
137,TPDE_TMDS,RARA,0.1408422356744534,0.20132663136286894,7.479175996417376,1,7,319,16694,0.574999243677336,5.38152239087969e-33,TMDE,0.3125,TNFAIP2
138,TPDE,REL,0.0022029973810093,0.007548505731987748,43.82745098039216,2,3,255,16761,0.298472584202324,3.36382068027235e-27,None,0.7782101167315175,"TNFAIP3,BIRC3"
139,MDE,REL,0.1160937907597826,0.18605779844040646,10.02777777777778,1,4,414,16602,0.298472584202324,3.36382068027235e-27,None,0.2409638554216867,ICAM1
140,TPDE_TMDS,REL,0.0905226042198323,0.15508652046485974,13.088557993730408,1,4,319,16697,0.298472584202324,3.36382068027235e-27,None,0.3125,CRP
141,TPDE,RELA,0.0002306526950319,0.001053766234165347,7.706405148636224,6,52,251,16712,0.234476733788805,9.72608286814096e-39,None,2.3346303501945527,"TNFAIP3,MMP9,CD74,CDKN1A,BIRC3,SERPINE1"
142,TMDS,RELA,0.1150561731398329,0.18605779844040646,0.0,0,58,803,16160,0.234476733788805,9.72608286814096e-39,None,0.0,
143,MDE_TMDS,RELA,2.3071243457329112e-05,0.00013783589039891494,7.776093294460641,8,50,343,16620,0.234476733788805,9.72608286814096e-39,None,2.2792022792022792,"NCAM1,IRF1,CXCL8,CCL20,CD86,BCL2,EBI3,IRF7"
144,MDE,RELA,1.191946443311042e-06,1.110894085165891e-05,8.542181069958847,10,48,405,16558,0.234476733788805,9.72608286814096e-39,None,2.409638554216868,"ICAM1,MMP14,VCAM1,VEGFA,TNFRSF10B,CXCR4,CCND1,CD40,EGFR,SOD2"
145,TPDE_TMDS,RELA,0.0001008398672238,0.0005221264236254533,7.323623379064085,7,51,313,16650,0.234476733788805,9.72608286814096e-39,None,2.1875,"PLAUR,IRF4,CXCL5,BIRC5,CXCL10,SAA2,BRCA2"
146,TMDE,RELA,0.0902511530123162,0.15508652046485974,2.939824046920821,3,55,310,16653,0.234476733788805,9.72608286814096e-39,None,0.9584664536741214,"HIF1A,NFKB2,EPAS1"
147,TPDE,RUNX1,0.0135497123707866,0.03671026723713113,13.148235294117647,2,10,255,16754,0.747238027088576,2.47658348550392e-42,MDE,0.7782101167315175,"ITGAX,PRKCB"
148,MDE,RUNX1,1.6503295144334546e-07,2.403292355393718e-06,40.60146699266504,6,6,409,16600,0.747238027088576,2.47658348550392e-42,MDE,1.4457831325301205,"LGALS3,CSF1R,SPI1,FYB1,LCP2,ITGB2"
149,TMDE,RUNX1,0.1996051758035071,0.2672873905874549,4.868298368298368,1,11,312,16697,0.747238027088576,2.47658348550392e-42,MDE,0.3194888178913738,PIK3CD
150,TMDS,RXRA,0.1349514893944447,0.1976117831641737,10.110972568578552,1,2,802,16216,-0.172508279995205,5.790518774738781e-23,None,0.12453300124533,CPT1B
151,MDE,RXRA,0.0713719486771171,0.13443701916406964,20.05555555555556,1,2,414,16604,-0.172508279995205,5.790518774738781e-23,None,0.2409638554216867,ABCC3
152,TPDE,SMAD3,4.501392207608072e-05,0.0002439126475285304,26.50434782608696,4,10,253,16754,0.075823141555797,0.0016646813909172,None,1.556420233463035,"CDKN1A,MMP9,SERPINE1,COL3A1"
153,MDE_TMDS,SMAD3,0.032722680391084,0.07261318601069117,7.960840496657116,2,12,349,16658,0.075823141555797,0.0016646813909172,None,0.5698005698005698,"TIMP1,COL6A3"
154,TPDS,SMAD3,0.3625830270557408,0.41616672563540696,2.356591364026308,1,13,538,16469,0.075823141555797,0.0016646813909172,None,0.1855287569573284,CYP17A1
155,MDE,SMAD3,0.0002865089179252,0.0012362329236402147,16.16155717761557,4,10,411,16596,0.075823141555797,0.0016646813909172,None,0.9638554216867472,"COL1A1,AHR,VEGFA,MET"
156,TPDE_TMDS,SMAD3,0.2332599917671406,0.29862405539419645,4.02724861345551,1,13,319,16688,0.075823141555797,0.0016646813909172,None,0.3125,FSTL3
157,TPDS_TMDE,SMAD4,0.081777168009906,0.14886000114303202,14.575783972125436,1,4,287,16729,-0.0905830564545149,1.25916713262683e-06,None,0.3472222222222222,APOC3
158,TPDE,SOX9,0.0006744333459441,0.00245976475785943,131.48235294117646,2,1,255,16763,0.215900505813257,3.87738225808596e-10,None,0.7782101167315175,"HAPLN1,CDKN1A"
159,TPDE,SP1,1.1116553369167582e-10,2.5901569350160467e-09,10.823863636363637,15,96,242,16668,0.177580053937431,8.76285682240321e-11,None,5.836575875486381,"TFPI2,MMP9,CDKN2C,TPI1,CDKN1A,TGFB1,ITGA5,COL1A2,ACAN,HLA-G,ALOX5,CA9,SERPINE1,ITGAX,GJA1"
160,TPDS_TMDE,SP1,0.2686717294708515,0.32850399347888815,0.0,0,111,288,16622,0.177580053937431,8.76285682240321e-11,None,0.0,
161,TMDS,SP1,0.8206536335205534,0.8206536335205534,0.7587989659972162,4,107,799,16111,0.177580053937431,8.76285682240321e-11,None,0.49813200498132,"KRT19,UNG,CTSL,TIMP2"
162,MDE_TMDS,SP1,1.7475371207962255e-05,0.00011004760787716772,5.393235294117647,11,100,340,16570,0.177580053937431,8.76285682240321e-11,None,3.133903133903134,"KRT5,MPG,CD28,IGFBP1,ATM,TIMP1,SPN,CD14,BCL2,IFNGR1,BRCA1"
163,TPDS,SP1,0.0523537415615059,0.10700369985816556,0.0,0,111,539,16371,0.177580053937431,8.76285682240321e-11,None,0.0,
164,MDE,SP1,2.2805038157613296e-13,1.0627147781447796e-11,9.834348561759729,21,90,394,16516,0.177580053937431,8.76285682240321e-11,None,5.0602409638554215,"TNFRSF10B,CCND1,MET,FN1,CD163,VEGFA,CAV1,ALDOA,ADA,SPI1,NR3C1,FAS,MMP14,CD44,ABCC3,MNDA,VIM,BTK,CDK1,LDHA,IGFBP3"
165,TPDE_TMDS,SP1,1.1170875255810356e-06,1.110894085165891e-05,6.572609208972845,12,99,308,16602,0.177580053937431,8.76285682240321e-11,None,3.75,"PLAUR,CD99,ALOX15B,FES,KIF2C,BIRC5,CXCL5,BAX,ATP1A3,CDKN2A,LEP,ADGRE5"
166,TMDE,SP1,0.0162515960985873,0.042546313381694845,3.109911586784551,6,105,307,16603,0.177580053937431,8.76285682240321e-11,None,1.9169329073482428,"HSPB1,DCK,EDNRB,NFKB2,RARA,COL2A1"
167,TPDE,SP3,0.0620935360632443,0.12157810002299095,5.259294117647059,2,25,255,16739,0.116644919093851,6.68528114306117e-05,None,0.7782101167315175,"CA9,CDKN1A"
168,TMDS,SP3,0.3655685079691964,0.4175365801805037,1.6197752808988763,2,25,801,16193,0.116644919093851,6.68528114306117e-05,None,0.24906600249066,"CTSL,TIMP2"
169,MDE_TMDS,SP3,0.0002001607888762,0.0009327492761630919,10.949816079873884,5,22,346,16648,0.116644919093851,6.68528114306117e-05,None,1.4245014245014245,"IGFBP1,SLC1A3,TIMP1,F2,CD14"
170,MDE,SP3,0.0004333956204493,0.0017410548200808085,9.20509977827051,5,22,410,16584,0.116644919093851,6.68528114306117e-05,None,1.2048192771084338,"COL1A1,VEGFA,BTK,CCND1,IGFBP3"
171,TPDE_TMDS,SP3,0.0001300060825688,0.0006444982391176681,12.04978354978355,5,22,315,16679,0.116644919093851,6.68528114306117e-05,None,1.5625,"PLAUR,KDR,DNASE2,ADGRE5,CDKN2A"
172,TMDE,SP3,0.3939181748921369,0.443395820047671,2.059664694280079,1,26,312,16682,0.116644919093851,6.68528114306117e-05,None,0.3194888178913738,COL2A1
173,TPDE,SPI1,2.3670490985444617e-06,2.0426757035587393e-05,10.772048192771084,8,50,249,16714,0.794701679252066,2.0192234092780999e-50,MDE,3.11284046692607,"HCK,APBB1IP,NCF1,ERAP2,IFIT3,ITGAM,CYBB,FCGR1A"
174,MDS,SPI1,0.3606894032728754,0.41604272753752464,2.279352226720648,1,57,130,16833,0.794701679252066,2.0192234092780999e-50,MDE,0.7633587786259541,MACROD1
175,TMDS,SPI1,0.5261425543013536,0.5597772381379698,0.3547709673185457,1,57,802,16161,0.794701679252066,2.0192234092780999e-50,MDE,0.12453300124533,RNASE2
176,MDE_TMDS,SPI1,2.3071243457329112e-05,0.00013783589039891494,7.776093294460641,8,50,343,16620,0.794701679252066,2.0192234092780999e-50,MDE,2.2792022792022792,"CD22,CD33,MYB,CD86,CTSE,CD14,PPBP,LY96"
177,TPDS,SPI1,0.265397360452393,0.32850399347888815,0.0,0,58,539,16424,0.794701679252066,2.0192234092780999e-50,MDE,0.0,
178,MDE,SPI1,4.5287304946018185e-21,1.0551942052422236e-18,25.822165677127508,22,36,393,16570,0.794701679252066,2.0192234092780999e-50,MDE,5.301204819277109,"WAS,ICAM1,LSP1,SCARB1,CD40,CSF1R,TYROBP,CD163,CD53,PTPRE,NCF2,ITGB2,TBXAS1,NR3C1,VAV1,LCP2,MNDA,MSR1,RUNX1,KCNMA1,B2M,BTK"
179,TPDE_TMDS,SPI1,0.0232617876767134,0.05496507939031392,3.914908579465541,4,54,316,16647,0.794701679252066,2.0192234092780999e-50,MDE,1.25,"CDKN2A,CTSS,FLI1,FES"
180,TMDE,SPI1,0.2876606001586361,0.3437175376254472,1.9186954524575104,2,56,311,16652,0.794701679252066,2.0192234092780999e-50,MDE,0.6389776357827476,"CTSG,SERPINB1"
181,TPDE,SREBF2,0.044613908124789,0.09450036902796216,32.7421875,1,2,256,16762,0.217141771545008,0.0006112672509997,None,0.3891050583657587,ACLY
182,TPDS,SREBF2,0.0920184637790847,0.15649855518632652,15.317843866171003,1,2,538,16480,0.217141771545008,0.0006112672509997,None,0.1855287569573284,MTTP
183,TPDE,STAT1,1.2644013382596998e-11,3.2733945757167783e-10,11.47384181032639,16,97,241,16667,0.911076267529668,8.477613241601761e-46,MDE,6.22568093385214,"CD274,IDO1,S100A10,BST2,CXCL9,MX1,OASL,COL1A2,CDKN1A,GBP1,ISG15,IFIT3,PARP14,IFITM3,TLR3,FCGR1A"
184,MDS_TMDE,STAT1,0.4815959376650066,0.5171053155573573,1.5417274052478134,1,112,98,16810,0.911076267529668,8.477613241601761e-46,MDE,1.0101010101010102,FGFR3
185,TPDS_TMDE,STAT1,0.2692886813496465,0.32850399347888815,0.0,0,113,288,16620,0.911076267529668,8.477613241601761e-46,MDE,0.0,
186,TMDS,STAT1,0.0679283435316732,0.1297320003514742,0.1805530815817599,1,112,802,16106,0.911076267529668,8.477613241601761e-46,MDE,0.12453300124533,CTSL
187,MDE_TMDS,STAT1,0.0005295791716341,0.0020280414862516114,4.218117408906883,9,104,342,16566,0.911076267529668,8.477613241601761e-46,MDE,2.564102564102564,"IRF8,IRF1,TIMP1,TNFSF13B,CD86,CLIC2,BCL2,IRF7,LY96"
188,TPDS,STAT1,0.0529340034525595,0.1072488939517075,0.0,0,113,539,16369,0.911076267529668,8.477613241601761e-46,MDE,0.0,
189,MDE,STAT1,2.2306939457978798e-17,2.4023775248972338e-15,12.096445221445222,25,88,390,16518,0.911076267529668,8.477613241601761e-46,MDE,6.024096385542169,"ICAM1,KIF2A,ISG20,SCARB1,CCND1,MET,PSMB9,CD40,VEGFA,FCGR3A,OAS2,NMI,OAS1,HLA-E,CASP4,FAS,COL1A1,OAS3,HLA-DMB,IGFLR1,EGFR,PRF1,IFI35,HMOX1,IGFBP3"
190,TPDE_TMDS,STAT1,0.4715518660890042,0.5086647444386018,1.4368511614568398,3,110,317,16591,0.911076267529668,8.477613241601761e-46,MDE,0.9375,"CXCL10,PTTG1IP,BAX"
191,TMDE,STAT1,0.0175914855922259,0.04455234938031125,3.0517823982465218,6,107,307,16601,0.911076267529668,8.477613241601761e-46,MDE,1.9169329073482428,"HSPB1,JUNB,MVP,A2M,RNF213,PML"
192,TPDE,STAT3,0.0132298792869089,0.03626543380999734,6.6,3,30,254,16734,0.0457384406088925,0.0149662414585553,None,1.1673151750972763,"BIRC3,CDKN1A,CD274"
193,MDE_TMDS,STAT3,0.0005309464835251,0.0020280414862516114,8.603426919900908,5,28,346,16642,0.0457384406088925,0.0149662414585553,None,1.4245014245014245,"LBP,IRF1,HAMP,TIMP1,BCL2"
194,TPDS,STAT3,0.6264458353349027,0.6434567202548461,0.0,0,33,539,16449,0.0457384406088925,0.0149662414585553,None,0.0,
195,MDE,STAT3,1.1904206633746348e-05,8.157882781361468e-05,10.957956259426847,7,26,408,16580,0.0457384406088925,0.0149662414585553,None,1.686746987951807,"NNMT,VEGFA,STAT1,PRF1,CCND1,HMOX1,EGFR"
196,TPDE_TMDS,STAT3,0.1269373302652838,0.19458156547244163,3.388314059646987,2,31,318,16670,0.0457384406088925,0.0149662414585553,None,0.625,"BIRC5,CRP"
197,TMDE,STAT3,0.0003143337564398,0.0013078529509013106,9.686920222634509,5,28,308,16680,0.0457384406088925,0.0149662414585553,None,1.5974440894568689,"HSPB1,JUNB,S100A11,A2M,HIF1A"
198,MDE_TMDS,STAT5A,0.0083102572285283,0.025212467953687125,19.10601719197708,2,5,349,16665,0.381775283471171,1.08629044837448e-35,None,0.5698005698005698,"BCL2,IRF1"
199,MDE,STAT5A,0.0114763876255983,0.032216847189932576,16.08329297820823,2,5,413,16601,0.381775283471171,1.08629044837448e-35,None,0.4819277108433735,"PRF1,CCND1"
200,TPDE,STAT5B,0.0872300186499816,0.15397419958670994,13.096875,1,5,256,16759,0.272245566343044,3.12343563450926e-45,None,0.3891050583657587,FCGR1A
201,MDE,STAT5B,0.0083320173065833,0.025212467953687125,20.10411622276029,2,4,413,16602,0.272245566343044,3.12343563450926e-45,None,0.4819277108433735,"PRF1,CCND1"
202,MDE_TMDS,STAT6,0.060594289392817,0.11964804600446068,23.814285714285717,1,2,350,16668,0.479624059690758,2.6985181976757396e-55,None,0.2849002849002849,IRF1
203,MDE_TMDS,TCF7L2,0.0083102572285283,0.025212467953687125,19.10601719197708,2,5,349,16665,0.147008833752848,0.0172213376303993,None,0.5698005698005698,"CXCL8,LEF1"
204,MDE,TCF7L2,0.0114763876255983,0.032216847189932576,16.08329297820823,2,5,413,16601,0.147008833752848,0.0172213376303993,None,0.4819277108433735,"CCND1,CD44"
205,TPDE_TMDS,TCF7L2,0.1243872150505503,0.19193523911773655,8.725705329153605,1,6,319,16695,0.147008833752848,0.0172213376303993,None,0.3125,BIRC5
206,TPDS_TMDE,TFAP2A,0.0364594619445052,0.07939303395392254,7.313374125874126,2,16,286,16717,-0.353207999520557,2.01258754214196e-21,TPDS_TMDE,0.6944444444444444,"DBH,KIT"
207,MDS,TFAP2A,0.1297727891643364,0.19507780564703472,7.642533936651584,1,17,130,16873,-0.353207999520557,2.01258754214196e-21,TPDS_TMDE,0.7633587786259541,ERBB2
208,TMDS,TFAP2A,0.5808078002580274,0.6095865651356773,1.189526184538653,1,17,802,16201,-0.353207999520557,2.01258754214196e-21,TPDS_TMDE,0.12453300124533,CDH1
209,MDE_TMDS,TFAP2A,0.0521169978333473,0.10700369985816556,5.9706303724928365,2,16,349,16654,-0.353207999520557,2.01258754214196e-21,TPDS_TMDE,0.5698005698005698,"ACHE,BCL2"
210,TPDS,TFAP2A,1.3103623307796842e-05,8.480956196435178e-05,15.461538461538462,6,12,533,16470,-0.353207999520557,2.01258754214196e-21,TPDS_TMDE,1.1131725417439702,"L1CAM,PRKCA,CRABP2,OAT,GALNT3,SMPD1"
211,TMDE,TFAP2A,0.2838859578775307,0.34095581538899306,3.150075414781297,1,17,312,16691,-0.353207999520557,2.01258754214196e-21,TPDS_TMDE,0.3194888178913738,CFTR
212,MDE,TFAP2C,0.0243816462017507,0.05680923565007913,inf,1,0,414,16606,0.251758447800552,0.0003181785416384,TPDS_TMDE,0.2409638554216867,CSTA
213,TPDE,TP53,9.825974565855825e-07,1.0902152732592415e-05,8.483805668016194,10,80,247,16684,0.238690104279036,3.97644505267406e-08,None,3.891050583657588,"DDB2,TRIM22,GPNMB,MKI67,FBLN2,CDKN1A,TGFB1,ALOX5,FLT1,SERPINE1"
214,TMDS,TP53,0.4466835201762688,0.48408028000497966,0.4601634320735444,2,88,801,16130,0.238690104279036,3.97644505267406e-08,None,0.24906600249066,"TRIAP1,SLC6A6"
215,MDE_TMDS,TP53,0.435321971346806,0.47397205291498035,1.6518034086405071,3,87,348,16583,0.238690104279036,3.97644505267406e-08,None,0.8547008547008548,"STEAP3,BNIP3L,BBC3"
216,MDE,TP53,3.343578213168273e-08,5.992720951293904e-07,7.628428927680798,14,76,401,16530,0.238690104279036,3.97644505267406e-08,None,3.3734939759036147,"CDH13,VCAN,PYCARD,FAS,IGFBP3,CASP1,CAV1,STAT1,TNFRSF10B,NDRG1,IFI16,SH2D1A,ADA,EGFR"
217,TPDE_TMDS,TP53,0.0002818369379116,0.0012362329236402147,5.222326454033771,8,82,312,16619,0.238690104279036,3.97644505267406e-08,None,2.5,"BAX,BTG1,CCNA2,DUSP1,APCS,LIG1,FDXR,NLRC4"
218,TMDE,TP53,0.0830645638937205,0.15003134408710755,2.5149394144652666,4,86,309,16622,0.238690104279036,3.97644505267406e-08,None,1.2779552715654952,"APAF1,SFN,PML,BID"
219,TPDE,USF1,0.0502885705083469,0.10461818686111453,5.976470588235294,2,22,255,16742,0.145178167325904,1.26843891787937e-12,None,0.7782101167315175,"SERPINE1,TGFB1"
220,TMDS,USF1,0.6271151614594235,0.6434567202548461,0.0,0,24,803,16194,0.145178167325904,1.26843891787937e-12,None,0.0,
221,MDE_TMDS,USF1,0.01272280174547,0.03529062865112512,6.843185550082102,3,21,348,16649,0.145178167325904,1.26843891787937e-12,None,0.8547008547008548,"SLC1A3,PF4,ABCA1"
222,MDE,USF1,1.169561055853811e-06,1.110894085165891e-05,16.759227220299884,7,17,408,16589,0.145178167325904,1.26843891787937e-12,None,1.686746987951807,"CD2,PTPN6,B2M,ISG20,CXCR4,HMOX1,P4HA1"
223,TPDE_TMDS,USF1,0.0099111339679704,0.029231572335912698,7.526363226678684,3,21,317,16680,0.145178167325904,1.26843891787937e-12,None,0.9375,"BRCA2,CEBPA,CCNB1"
224,TMDE,USF1,0.3592667230149147,0.41604272753752464,2.3283166109253064,1,23,312,16685,0.145178167325904,1.26843891787937e-12,None,0.3194888178913738,TGFB2
225,TPDE,USF2,0.2039694139242433,0.27002769002470844,4.677455357142857,1,14,256,16750,0.110473909864559,6.5136020183004505e-09,None,0.3891050583657587,TGFB1
226,MDE_TMDS,USF2,0.0032837715452137,0.010776320704715382,11.975574712643676,3,12,348,16658,0.110473909864559,6.5136020183004505e-09,None,0.8547008547008548,"PF4,ABCA1,BRCA1"
227,MDE,USF2,8.391090868973406e-07,9.775620862354018e-06,27.06764466177669,6,9,409,16597,0.110473909864559,6.5136020183004505e-09,None,1.4457831325301205,"CD2,PTPN6,B2M,CXCR4,HMOX1,P4HA1"
228,TPDE_TMDS,USF2,0.247663091422821,0.3136168494647679,3.739587998208688,1,14,319,16687,0.110473909864559,6.5136020183004505e-09,None,0.3125,BRCA2
229,TMDE,USF2,0.2429212028844493,0.3092931162408562,3.8250915750915753,1,14,312,16694,0.110473909864559,6.5136020183004505e-09,None,0.3194888178913738,TGFB2
230,TMDS,VDR,0.0398356037270008,0.0851531712696439,8.098876404494382,2,5,801,16213,-0.138493068440609,0.0173563222689463,TPDS_TMDE,0.24906600249066,"CDH1,PODXL"
231,TPDS,VDR,0.0189010931717229,0.04685058201075996,12.277094972067038,2,5,537,16477,-0.138493068440609,0.0173563222689463,TPDS_TMDE,0.3710575139146568,"CALB1,CYP24A1"
232,MDE,VDR,0.0114763876255983,0.032216847189932576,16.08329297820823,2,5,413,16601,-0.138493068440609,0.0173563222689463,TPDS_TMDE,0.4819277108433735,"IGFBP3,EGFR"
