Comparison	Regulation_Grouping_2	Pathway	 fGSEA NES	 fGSEA padj	 fGSEA pval 	 fGSEA size
Stage IV-Stage I	TMDS	Histidine Metabolism	-1.9824817784428552	0.026699029126213598	0.0008090614886731393	5
Stage IV-Stage I	TMDS	Lysine Metabolism	-1.880730789459603	0.04449838187702266	0.002696871628910464	5
Stage IV-Stage I	TMDS	Glycolysis and Gluconeogenesis	-1.8743582249104291	0.08669950738916256	0.006568144499178982	6
Stage IV-Stage I	TMDS	Fructose and Mannose Metabolism	-1.8528977192653917	0.04092479404730268	0.0018602179112410311	4
Stage IV-Stage I	TMDS	Transport, Extracellular	-1.5104083284373966	0.08758726003490401	0.011530146528945472	2
Stage IV-Stage I	TMDS	Ketone Bodies Metabolism	-1.5034275823164078	0.2520421268944259	0.057282301566914974	3
Stage IV-Stage I	TMDS	Xenobiotics Metabolism	-1.4446031002578663	0.3251231527093596	0.09852216748768472	6
Stage IV-Stage I	TMDS	Glycine, Serine and Threonine Metabolism	-1.3673491980636765	0.3700564971751412	0.1239280774550484	7
Stage IV-Stage I	TMDS	Galactose metabolism	-1.3392096197821723	0.3700564971751412	0.14722296040393304	4
Stage IV-Stage I	TMDS	Arginine and Proline Metabolism	-1.3273637601658772	0.3700564971751412	0.15216201423097975	6
Stage IV-Stage I	TMDS	Retinol Metabolism	-1.3227174205255998	0.3700564971751412	0.14724957963007446	2
Stage IV-Stage I	TMDS	Ethanol Metabolism	-1.3227174205255998	0.3700564971751412	0.14724957963007446	2
Stage IV-Stage I	TMDS	Propanoate Metabolism	-1.3194788093676015	0.1913310389731188	0.03579197152461934	1
Stage IV-Stage I	TMDS	NAD Metabolism	-1.2848278638006423	0.41854431900072064	0.1902474177276003	2
Stage IV-Stage I	TMDS	Sugar Degradation	-1.234058251416654	0.4998949075186164	0.2423732884938746	2
Stage IV-Stage I	TMDS	Cholesterol Metabolism	-1.1637535184143186	0.5002687088539567	0.2600355942258256	1
Stage IV-Stage I	TMDS	Glycerophospholipid Metabolism	-1.1421356104867535	0.5144926782053016	0.29153182308522113	5
Stage IV-Stage I	TMDS	Vitamin B12 Metabolism	-1.1403110014966202	0.5144926782053016	0.296223057148507	1
Stage IV-Stage I	TMDS	Tyrosine metabolism	-1.1106854298026014	0.5251412429378529	0.3160458452722063	8
Stage IV-Stage I	TMDS	Phosphoinositide Signalling	-1.098449364143587	0.5621345235741122	0.35772196954716234	1
Stage IV-Stage I	TMDS	Fatty Acid Metabolism	-1.0922057300481378	0.5285140788925969	0.3283193520393405	9
Stage IV-Stage I	TMDS	Phosphate Metabolism	-1.07668131272001	0.5781095511172631	0.3854063674115088	1
Stage IV-Stage I	TMDS	Methionine Metabolism	-1.0508591012063624	0.5981807395689144	0.4129233725678597	2
Stage IV-Stage I	TMDS	Triacylglycerol Synthesis	-1.0431920028375834	0.5981807395689144	0.4350405378683014	1
Stage IV-Stage I	TMDS	Polyamines Metabolism	-1.0376701373290684	0.5981807395689144	0.4234926735527264	2
Stage IV-Stage I	TMDS	GABA shunt	-1.0214239514140062	0.6301872934263679	0.467866323907455	1
Stage IV-Stage I	TMDS	Carnitine shuttle	-0.961085915044552	0.6318226600985223	0.4786535303776683	6
Stage IV-Stage I	TMDS	Cysteine Metabolism	-0.9134493511674076	0.6960533904589272	0.5589519650655022	3
Stage IV-Stage I	TMDS	N-Glycan Biosynthesis	-0.9042113668255136	0.7542634366009257	0.6444532331421792	1
Stage IV-Stage I	TMDS	Bile Acid Biosynthesis	-0.7826708956189343	0.7937789848574137	0.738673139158576	5
Stage IV-Stage I	TMDS	Folate Metabolism	-0.7752775237781718	0.8537503232381618	0.8408147122800079	1
Stage IV-Stage I	TMDS	Transport, Mitochondrial	-0.7591273027341201	0.8324368990384615	0.7950996877251981	2
Stage IV-Stage I	TMDS	Fatty Acids Oxidation, mitochondrial	0.5590282156515686	0.9618029029793737	0.9618029029793737	9
Stage IV-Stage I	TMDS	Eicosanoid Metabolism	0.7725676741804905	0.8324368990384615	0.8072115384615385	4
Stage IV-Stage I	TMDS	ROS Detoxification	0.8145062232784689	0.7937789848574137	0.7456711675933281	5
Stage IV-Stage I	TMDS	Alanine and Aspartate Metabolism	0.8355493666952323	0.7937789848574137	0.7377290575916229	3
Stage IV-Stage I	TMDS	DNA Demethylation	0.859677820653812	0.7856659766769823	0.7023377670294236	1
Stage IV-Stage I	TMDS	Valine, Leucine and Isoleucine Metabolism	0.8639901167023265	0.7542634366009257	0.6618550368550369	8
Stage IV-Stage I	TMDS	Pterin Biosynthesis	0.8881107446832184	0.7542634366009257	0.6628375654977832	1
Stage IV-Stage I	TMDS	Glutamate metabolism	0.932303560417223	0.7037484885126964	0.5828435266084194	5
Stage IV-Stage I	TMDS	Vitamin D	0.9433040677991246	0.7037484885126964	0.5864570737605804	1
Stage IV-Stage I	TMDS	Porphyrin and Heme Metabolism	0.9683919419427184	0.6960533904589272	0.5532043530834341	1
Stage IV-Stage I	TMDS	Tryptophan metabolism	0.9862922919706256	0.6445872466633712	0.4980901451489687	9
Stage IV-Stage I	TMDS	Pyrimidine Metabolism	1.0503456641451243	0.5981807395689144	0.4304715840386941	1
Stage IV-Stage I	TMDS	Glutathione Metabolism	1.0828178290150563	0.5640205724508051	0.3674679487179488	4
Stage IV-Stage I	TMDS	Heparan sulfate degradation	1.1100555873398568	0.5251412429378529	0.3182674199623352	2
Stage IV-Stage I	TMDS	Vitamin B6 Metabolism	1.1573872604911246	0.5002687088539567	0.2728738411930673	1
Stage IV-Stage I	TMDS	Purine Metabolism	1.160732310376937	0.5002687088539567	0.2696493349455865	1
Stage IV-Stage I	TMDS	Fatty Acids Oxidation, peroxisomal	1.1804769532949295	0.5002687088539567	0.2531505986137366	6
Stage IV-Stage I	TMDS	Nucleotide Metabolism	1.1908377593492494	0.4736903693879938	0.22249093107617893	1
Stage IV-Stage I	TMDS	beta-Alanine metabolism	1.2426187931736936	0.3700564971751412	0.15699366546824173	2
Stage IV-Stage I	TMDS	Transport, Lysosomal	1.2587822034955312	0.41854431900072064	0.18612083396743265	10
Stage IV-Stage I	TMDS	Ubiquinone Biosynthesis	1.2667917222175362	0.3700564971751412	0.14545157068062828	3
Stage IV-Stage I	TMDS	Creatine Metabolism	1.281154106266187	0.3108810967208597	0.08585247883917775	1
Stage IV-Stage I	TMDS	Taurine and hypotaurine metabolism	1.284337412040941	0.3615819209039548	0.1150487930148947	2
Stage IV-Stage I	TMDS	CoA Biosynthesis	1.2911892559236244	0.2984431680773881	0.07234985892785167	1
Stage IV-Stage I	TMDS	Protein Modification	1.314604605124312	0.1913310389731188	0.037686416767432486	1
Stage IV-Stage I	TMDS	Phenylalanine metabolism	1.3402323427044391	0.3108810967208597	0.08949607329842932	3
Stage IV-Stage I	TMDS	Fatty Acid Biosynthesis	1.3765743360383231	0.2364810330912026	0.05016264338298237	2
Stage IV-Stage I	TMDS	Citric Acid Cycle	1.3836054219420026	0.3108810967208597	0.08638110146577486	22
Stage IV-Stage I	TMDS	Steroid Metabolism	1.4251599696334687	0.16435541859270672	0.027392569765451118	2
Stage IV-Stage I	TMDS	N-Glycan Degradation	1.4849658207054448	0.08758726003490401	0.008560178051703475	2
Stage IV-Stage I	TMDS	Keratan sulfate degradation	1.5300958532085471	0.13115384615384615	0.019871794871794867	4
Stage IV-Stage I	TMDS	Chondroitin sulfate degradation	1.5319784725786147	0.08758726003490401	0.011943717277486913	3
Stage IV-Stage I	TMDS	Sphingolipid Metabolism	1.586622410890584	0.08758726003490401	0.010897435897435895	4
Stage IV-Stage I	TMDS	Oxidative Phosphorylation	1.9253411731942416	0.008671659440283799	0.00013138877939823938	50
Stage IV-Stage I	MDS	Glycerophospholipid Metabolism	-1.3137693295989417	0.8791294209094442	0.06062961523513408	1
Stage IV-Stage I	MDS	Steroid Metabolism	-1.1944480511449085	0.9281517094017094	0.2174880763116057	2
Stage IV-Stage I	MDS	Glycine, Serine and Threonine Metabolism	-1.1896336449124274	0.9281517094017094	0.2374659930042752	1
Stage IV-Stage I	MDS	Tyrosine metabolism	-1.1275658025691704	0.9281517094017094	0.3253012048192771	1
Stage IV-Stage I	MDS	Phenylalanine metabolism	-1.1275658025691704	0.9281517094017094	0.3253012048192771	1
Stage IV-Stage I	MDS	Bile Acid Biosynthesis	-1.013774758273199	0.9281517094017094	0.5068013991449669	1
Stage IV-Stage I	MDS	Glycolysis and Gluconeogenesis	-1.0052285578942295	0.9281517094017094	0.4922098569157393	2
Stage IV-Stage I	MDS	Fatty Acid Biosynthesis	-0.9723961967110276	0.9281517094017094	0.5668480373105325	1
Stage IV-Stage I	MDS	Creatine Metabolism	-0.9103283543677706	0.9281517094017094	0.657209483093665	1
Stage IV-Stage I	MDS	Tryptophan metabolism	-0.8896390735866849	0.9281517094017094	0.6830547998445394	1
Stage IV-Stage I	MDS	Lysine Metabolism	-0.8896390735866849	0.9281517094017094	0.6830547998445394	1
Stage IV-Stage I	MDS	Histidine Metabolism	-0.8896390735866849	0.9281517094017094	0.6830547998445394	1
Stage IV-Stage I	MDS	Valine, Leucine and Isoleucine Metabolism	-0.8896390735866849	0.9281517094017094	0.6830547998445394	1
Stage IV-Stage I	MDS	GABA shunt	-0.8278352829717186	0.9281517094017094	0.75818759936407	2
Stage IV-Stage I	MDS	Arginine and Proline Metabolism	-0.7241248273379993	0.9281517094017094	0.9253789350952196	1
Stage IV-Stage I	MDS	Glutamate metabolism	-0.7241248273379993	0.9281517094017094	0.9253789350952196	1
Stage IV-Stage I	MDS	Citric Acid Cycle	-0.7127871435424119	0.9281517094017094	0.8913775435514566	3
Stage IV-Stage I	MDS	Fatty Acids Oxidation, mitochondrial	0.6513220091834958	0.9281517094017094	0.9281517094017094	2
Stage IV-Stage I	MDS	ROS Detoxification	0.6513220091834958	0.9281517094017094	0.9281517094017094	2
Stage IV-Stage I	MDS	Xenobiotics Metabolism	0.6513220091834958	0.9281517094017094	0.9281517094017094	2
Stage IV-Stage I	MDS	Folate Metabolism	0.7564353103274187	0.9281517094017094	0.8790338948650295	1
Stage IV-Stage I	MDS	Glyoxylate and Dicarboxylate Metabolism	0.8496944581760045	0.9281517094017094	0.7416277653744672	1
Stage IV-Stage I	MDS	Pyruvate Metabolism	0.8496944581760045	0.9281517094017094	0.7416277653744672	1
Stage IV-Stage I	MDS	Cysteine Metabolism	0.9429536060245904	0.9281517094017094	0.6080779378932413	1
Stage IV-Stage I	MDS	Transport, Extracellular	1.1240030852764942	0.9281517094017094	0.2809269162210339	4
Stage IV-Stage I	MDS	Retinol Metabolism	1.2538174321865434	0.8817130099451999	0.15201948447331032	1
Stage IV-Stage I	MDS	Ethanol Metabolism	1.2538174321865434	0.8817130099451999	0.15201948447331032	1
Stage IV-Stage I	MDS	Phosphoinositide Signalling	1.3367144524963974	0.8652323929368785	0.029835599756444082	1
Stage IV-Stage I	MDS	Fatty Acids Oxidation, peroxisomal	1.4107161087814841	0.8817130099451999	0.09134615384615384	2
Stage IV-Stage I	TMDE	Glycolysis and Gluconeogenesis	-1.657234577529069	0.10879771381914677	0.008369054909165136	4
Stage IV-Stage I	TMDE	Nucleotide Metabolism	-1.3476377141001141	0.33108049311095	0.08913705583756346	2
Stage IV-Stage I	TMDE	Phosphoinositide Signalling	-1.3078550509532472	0.35957134799774393	0.12446700507614213	2
Stage IV-Stage I	TMDE	Cyclic Nucleotides Metabolism	-1.2937144826694813	0.3048707155742633	0.0703547805171377	1
Stage IV-Stage I	TMDE	Amino and Nucleotide Sugar Metabolism	-1.113196182762112	0.6698737221888154	0.3349368610944077	1
Stage IV-Stage I	TMDE	Pentose Phosphate Pathway	-1.0616195256457204	0.7246578059908748	0.4159150130286631	1
Stage IV-Stage I	TMDE	Triacylglycerol Synthesis	-0.9842545399711335	0.7576399837125047	0.5343756263780317	1
Stage IV-Stage I	TMDE	O-Glycan Biosynthesis	-0.911187609056246	0.7615845769784436	0.6361996392062538	1
Stage IV-Stage I	TMDE	ROS Detoxification	-0.9068895542965468	0.7615845769784436	0.6444177189817599	1
Stage IV-Stage I	TMDE	Carbonic Acid Metabolism	-0.7128490780149643	0.8712771573604061	0.8377664974619289	2
Stage IV-Stage I	TMDE	Cysteine Metabolism	-0.7091790353503801	0.9458809380637402	0.9458809380637402	1
Stage IV-Stage I	TMDE	Chondroitin and Heparan sulfate biosynthesis	0.8200080333128261	0.8462937247900548	0.7811942074985122	1
Stage IV-Stage I	TMDE	Glutathione Metabolism	0.8476505123005812	0.8241506086274109	0.7290563076319404	2
Stage IV-Stage I	TMDE	Glycogen Synthesis	0.918238162303425	0.7615845769784436	0.6353898036103948	1
Stage IV-Stage I	TMDE	Urea Cycle	0.9694886643854768	0.7576399837125047	0.5536599880975996	1
Stage IV-Stage I	TMDE	Polyamines Metabolism	0.9823012899059896	0.7576399837125047	0.5395754810553461	1
Stage IV-Stage I	TMDE	Alanine and Aspartate Metabolism	1.046364417508554	0.7246578059908748	0.44594326522515376	1
Stage IV-Stage I	TMDE	Porphyrin and Heme Metabolism	1.054906167855563	0.7246578059908748	0.43582622495536605	1
Stage IV-Stage I	TMDE	Pyrimidine Biosynthesis	1.1531362968461616	0.5991536070885406	0.2765324340408649	1
Stage IV-Stage I	TMDE	NAD Metabolism	1.1787615478871871	0.5410903320048331	0.22892283277127554	1
Stage IV-Stage I	TMDE	Pyrimidine Metabolism	1.2086576741017176	0.4827613568736362	0.1856774449513985	1
Stage IV-Stage I	TMDE	Purine Biosynthesis	1.2556373010102648	0.35957134799774393	0.12061098988295972	1
Stage IV-Stage I	TMDE	Transport, Extracellular	1.3111586782658209	0.15813223464783205	0.03015274747073993	1
Stage IV-Stage I	TMDE	Purine Metabolism	1.4242499886910926	0.15813223464783205	0.030410045124583087	2
Stage IV-Stage I	TMDE	Protein Modification	1.434106389996913	0.15813223464783205	0.025897586815773983	2
Stage IV-Stage I	TMDE	Steroid Metabolism	1.4883165971789272	0.10879771381914677	0.007455365901510694	2
Stage IV-Stage I	MDE	Cyclic Nucleotides Metabolism	-1.1944683367905686	0.7004837117472853	0.2203423967774421	1
Stage IV-Stage I	MDE	Thiamine Metabolism	-1.1491497549069158	0.7004837117472853	0.2851963746223565	1
Stage IV-Stage I	MDE	Phosphoinositide Signalling	-1.0682683760205778	0.7004837117472853	0.3924028268551237	2
Stage IV-Stage I	MDE	Porphyrin and Heme Metabolism	-0.8869493882943519	0.8516414904330312	0.6731117824773414	1
Stage IV-Stage I	MDE	Multidrug resistance	-0.8772382636049977	0.8516414904330312	0.6868076535750252	1
Stage IV-Stage I	MDE	Histone Methylation	-0.8319196817213446	0.8988535130529088	0.7538771399798591	1
Stage IV-Stage I	MDE	Nucleotide Metabolism	-0.7833640582745736	0.9527432770131664	0.8298086606243706	1
Stage IV-Stage I	MDE	Purine Metabolism	-0.7348084348278024	0.9910220994475138	0.900906344410876	1
Stage IV-Stage I	MDE	Eicosanoid Metabolism	0.5011128168848051	0.9910220994475138	0.9910220994475138	2
Stage IV-Stage I	MDE	Bile Acid Biosynthesis	0.5557397252402089	0.9910220994475138	0.9620165745856354	2
Stage IV-Stage I	MDE	NAD Metabolism	0.7021159548632078	0.9910220994475138	0.9522211253701875	1
Stage IV-Stage I	MDE	Fatty Acid Metabolism	0.9188983003739676	0.8379672947336795	0.6217176702862783	1
Stage IV-Stage I	MDE	Pyruvate Metabolism	0.9803738908919444	0.7622722785605314	0.5409674234945706	1
Stage IV-Stage I	MDE	Sphingolipid Metabolism	0.9965516778703594	0.7621398016264749	0.5162882527147088	1
Stage IV-Stage I	MDE	Transport, Extracellular	1.0386139240142382	0.7004837117472853	0.4519249753208292	1
Stage IV-Stage I	MDE	Ketone Bodies Metabolism	1.0450850388056039	0.7004837117472853	0.4404738400789733	1
Stage IV-Stage I	MDE	Propanoate Metabolism	1.0450850388056039	0.7004837117472853	0.4404738400789733	1
Stage IV-Stage I	MDE	Galactose metabolism	1.0839117275538	0.7004837117472853	0.38854886475814415	1
Stage IV-Stage I	MDE	Alanine and Aspartate Metabolism	1.087147284949483	0.7004837117472853	0.3840078973346496	1
Stage IV-Stage I	MDE	Cysteine Metabolism	1.087147284949483	0.7004837117472853	0.3840078973346496	1
Stage IV-Stage I	MDE	Sugar Degradation	1.0903828423451658	0.7004837117472853	0.3721618953603159	1
Stage IV-Stage I	MDE	ROS Detoxification	1.101814649578589	0.7004837117472853	0.3707893413775767	3
Stage IV-Stage I	MDE	CoA Biosynthesis	1.1356806458847275	0.7004837117472853	0.3054294175715696	1
Stage IV-Stage I	MDE	Glycine, Serine and Threonine Metabolism	1.1416329587676386	0.7004837117472853	0.3641804788213628	2
Stage IV-Stage I	MDE	Transport, Golgi Apparatus	1.2489251547336322	0.7004837117472853	0.1405725567620928	1
Stage IV-Stage I	MDE	Xenobiotics Metabolism	1.2697369871442052	0.7004837117472853	0.20004604051565375	2
Stage IV-Stage I	MDE	N-Glycan Biosynthesis	1.3071651878559258	0.5818241685874218	0.05804540967423495	1
Stage IV-Stage I	MDE	Protein Modification	1.3300212357920014	0.7004837117472853	0.1289134438305709	2
Stage IV-Stage I	MDE	Retinol Metabolism	1.3330496470213895	0.24787759131293186	0.015992102665350443	1
Stage IV-Stage I	MDE	Steroid Metabolism	1.3330496470213895	0.24787759131293186	0.015992102665350443	1
Stage IV-Stage I	MDE	Glycolysis and Gluconeogenesis	1.4818135732831081	0.5818241685874218	0.07507408626934475	11
Stage IV-Stage I	MDE&TMDS	Glycine, Serine and Threonine Metabolism	-1.3185517929885031	0.8121415859205062	0.15186482588089842	3
Stage IV-Stage I	MDE&TMDS	Urea Cycle	-1.3081279400089676	0.5699676375404531	0.03954913980620922	1
Stage IV-Stage I	MDE&TMDS	Transport, Mitochondrial	-1.3081279400089676	0.5699676375404531	0.03954913980620922	1
Stage IV-Stage I	MDE&TMDS	Fructose and Mannose Metabolism	-1.2256700698605425	0.8121415859205062	0.16630413288510976	1
Stage IV-Stage I	MDE&TMDS	Cyclic Nucleotides Metabolism	-1.1105561355330018	0.8121415859205062	0.3774984545641871	3
Stage IV-Stage I	MDE&TMDS	Glycolysis and Gluconeogenesis	-1.1104311518817285	0.8121415859205062	0.376372509150061	2
Stage IV-Stage I	MDE&TMDS	Multidrug resistance	-1.1034031066166543	0.8121415859205062	0.3865392435949573	2
Stage IV-Stage I	MDE&TMDS	O-Glycan Biosynthesis	-1.1014742654394576	0.8121415859205062	0.351789598576231	1
Stage IV-Stage I	MDE&TMDS	Biotin Metabolism	-1.0912942814705162	0.8121415859205062	0.3652363061103421	1
Stage IV-Stage I	MDE&TMDS	Propanoate Metabolism	-1.0912942814705162	0.8121415859205062	0.3652363061103421	1
Stage IV-Stage I	MDE&TMDS	Citric Acid Cycle	-1.0912942814705162	0.8121415859205062	0.3652363061103421	1
Stage IV-Stage I	MDE&TMDS	Ketone Bodies Metabolism	-1.0912942814705162	0.8121415859205062	0.3652363061103421	1
Stage IV-Stage I	MDE&TMDS	Oxidative Phosphorylation	-1.0190163952910325	0.8121415859205062	0.4716234921890449	1
Stage IV-Stage I	MDE&TMDS	Polyamines Metabolism	-0.9538644978898076	0.8121415859205062	0.5647617164326676	1
Stage IV-Stage I	MDE&TMDS	Keratan sulfate biosynthesis	-0.9375765235395014	0.8121415859205062	0.5926438599960451	1
Stage IV-Stage I	MDE&TMDS	Bile Acid Biosynthesis	-0.872648953746717	0.8670674075612796	0.6813745424969498	2
Stage IV-Stage I	MDE&TMDS	Alanine and Aspartate Metabolism	-0.7673116560533798	0.8670674075612796	0.7498961362692148	4
Stage IV-Stage I	MDE&TMDS	Eicosanoid Metabolism	-0.7584088056861331	0.8830718695757256	0.8592050622898952	1
Stage IV-Stage I	MDE&TMDS	Steroid Metabolism	-0.6831128814460374	0.8830718695757256	0.8444257820701239	5
Stage IV-Stage I	MDE&TMDS	Pyrimidine Metabolism	-0.6731516878412409	0.8830718695757256	0.8489594065526479	3
Stage IV-Stage I	MDE&TMDS	Valine, Leucine and Isoleucine Metabolism	-0.5093491178771855	0.9768198454656364	0.9768198454656364	2
Stage IV-Stage I	MDE&TMDS	Retinol Metabolism	0.7782772108115579	0.8830718695757256	0.8131760078662733	2
Stage IV-Stage I	MDE&TMDS	Fatty Acid Biosynthesis	0.8427955655112378	0.8670674075612796	0.7360970677451971	1
Stage IV-Stage I	MDE&TMDS	Glycerophospholipid Metabolism	0.8548791157639766	0.8670674075612796	0.659858751670166	5
Stage IV-Stage I	MDE&TMDS	Cholesterol Metabolism	0.8611615705708048	0.8670674075612796	0.7067745197168858	1
Stage IV-Stage I	MDE&TMDS	Glutamate metabolism	0.926067911666229	0.8121415859205062	0.5656948125709959	6
Stage IV-Stage I	MDE&TMDS	Sphingolipid Metabolism	0.9407475924955948	0.8121415859205062	0.5911021233569261	1
Stage IV-Stage I	MDE&TMDS	ROS Detoxification	0.9815609370724104	0.8121415859205062	0.5310414560161779	1
Stage IV-Stage I	MDE&TMDS	Xenobiotics Metabolism	1.0029879429752384	0.8121415859205062	0.4984833164812942	1
Stage IV-Stage I	MDE&TMDS	Purine Metabolism	1.015231946348283	0.8121415859205062	0.4788675429726997	1
Stage IV-Stage I	MDE&TMDS	Phenylalanine metabolism	1.03359795140785	0.8121415859205062	0.4517694641051567	1
Stage IV-Stage I	MDE&TMDS	Arginine and Proline Metabolism	1.03359795140785	0.8121415859205062	0.4517694641051567	1
Stage IV-Stage I	MDE&TMDS	DNA Synthesis	1.0346182850222705	0.8121415859205062	0.4493427704752275	1
Stage IV-Stage I	MDE&TMDS	Amino and Nucleotide Sugar Metabolism	1.0611469589972002	0.8121415859205062	0.4091001011122346	1
Stage IV-Stage I	MDE&TMDS	Tyrosine metabolism	1.1126515579334673	0.8121415859205062	0.352015732546706	2
Stage IV-Stage I	MDE&TMDS	Phosphoinositide Signalling	1.1829837128001721	0.8121415859205062	0.2770873786407767	3
Stage IV-Stage I	MDE&TMDS	Transport, Extracellular	1.426705694005076	0.5699676375404531	0.04621359223300971	3
Stage IV-Stage I	TPDE	Fatty Acid Metabolism	-1.1570496110775133	0.6178394449950446	0.2731417244796829	1
Stage IV-Stage I	TPDE	Nucleotide Metabolism	-1.125493712593581	0.6178394449950446	0.3195242814667988	1
Stage IV-Stage I	TPDE	Citric Acid Cycle	-1.0623819156257168	0.6178394449950446	0.4118929633300297	1
Stage IV-Stage I	TPDE	Glycogen Degradation	-0.9361583216899879	0.7219544491525425	0.6001982160555005	1
Stage IV-Stage I	TPDE	Phosphoinositide Signalling	-0.8414906262381915	0.7657086223984143	0.7530227948463826	1
Stage IV-Stage I	TPDE	Carbonic Acid Metabolism	-0.8309719934102141	0.7657086223984143	0.7657086223984143	1
Stage IV-Stage I	TPDE	Eicosanoid Metabolism	0.8966015424354222	0.7219544491525425	0.6417372881355933	2
Stage IV-Stage I	TPDE	Inositol Phosphate Metabolism	0.9347419660594686	0.7219544491525425	0.6154461784713886	1
Stage IV-Stage I	TPDE	Glycerophospholipid Metabolism	0.9399639882162254	0.7219544491525425	0.6068427370948379	1
Stage IV-Stage I	TPDE	Glycolysis and Gluconeogenesis	1.0764662413848114	0.6178394449950446	0.3932297704613958	4
Stage IV-Stage I	TPDE	NAD Metabolism	1.0861806086054158	0.6178394449950446	0.38195278111244496	1
Stage IV-Stage I	TPDE	Transport, Lysosomal	1.1540668966432546	0.6178394449950446	0.2827130852340937	1
Stage IV-Stage I	TPDE	Fatty Acid Biosynthesis	1.1853990295837953	0.6178394449950446	0.2392957182873149	1
Stage IV-Stage I	TPDE	Valine, Leucine and Isoleucine Metabolism	1.1906210517405522	0.6178394449950446	0.2300920368147259	1
Stage IV-Stage I	TPDE	Glutathione Metabolism	1.2376192511513635	0.6178394449950446	0.1572629051620648	1
Stage IV-Stage I	TPDE	Arginine and Proline Metabolism	1.2428412733081202	0.6178394449950446	0.15026010404161666	1
Stage IV-Stage I	TPDE	Purine Biosynthesis	1.2846174505621746	0.6178394449950446	0.08723489395758302	1
Stage IV-Stage I	TPDE	Protein Modification	1.4882365738383885	0.2364406779661017	0.01313559322033898	2
Stage IV-Stage I	TPDS&TMDE	Phosphoinositide Signalling	-1.3836603084367038	0.7259811820656273	0.08181636327265453	3
Stage IV-Stage I	TPDS&TMDE	Glycine, Serine and Threonine Metabolism	-1.2902500643491477	0.7259811820656273	0.06373232423819956	1
Stage IV-Stage I	TPDS&TMDE	Phenylalanine metabolism	-1.2508436361791848	0.7259811820656273	0.1834236403772828	2
Stage IV-Stage I	TPDS&TMDE	Glutamate metabolism	-1.2240833793724462	0.7259811820656273	0.2434486897379476	3
Stage IV-Stage I	TPDS&TMDE	Transport, Extracellular	-1.211877120488455	0.7259811820656273	0.23559691150267276	9
Stage IV-Stage I	TPDS&TMDE	Valine, Leucine and Isoleucine Metabolism	-1.1689364650043663	0.7259811820656273	0.24875522804222264	1
Stage IV-Stage I	TPDS&TMDE	Sphingolipid Metabolism	-1.1515365661039407	0.7259811820656273	0.3324664932986597	3
Stage IV-Stage I	TPDS&TMDE	Creatine Metabolism	-1.1463664930332442	0.7259811820656273	0.2824138617805218	1
Stage IV-Stage I	TPDS&TMDE	ROS Detoxification	-1.1275581830573091	0.7259811820656273	0.309699263095001	1
Stage IV-Stage I	TPDS&TMDE	Carbonic Acid Metabolism	-1.108749873081374	0.7259811820656273	0.3419637522405895	1
Stage IV-Stage I	TPDS&TMDE	Alanine and Aspartate Metabolism	-1.0965244715970162	0.7259811820656273	0.3571001792471619	1
Stage IV-Stage I	TPDS&TMDE	Cysteine Metabolism	-1.0965244715970162	0.7259811820656273	0.3571001792471619	1
Stage IV-Stage I	TPDS&TMDE	Selenoamino acid metabolism	-1.093703225100626	0.7259811820656273	0.3620792670782713	1
Stage IV-Stage I	TPDS&TMDE	Citric Acid Cycle	-1.0740731613120973	0.7259811820656273	0.4262852570514103	3
Stage IV-Stage I	TPDS&TMDE	Blood Group Biosynthesis	-1.064333868469048	0.7259811820656273	0.4376875375075015	3
Stage IV-Stage I	TPDS&TMDE	Porphyrin and Heme Metabolism	-1.056086605148756	0.7259811820656273	0.4186417048396734	1
Stage IV-Stage I	TPDS&TMDE	Glycerophospholipid Metabolism	-1.0516531976082748	0.7259811820656273	0.4421370967741936	4
Stage IV-Stage I	TPDS&TMDE	Purine Metabolism	-1.0309268733861032	0.7259811820656273	0.4852498494882601	2
Stage IV-Stage I	TPDS&TMDE	Urea Cycle	-1.005572089042033	0.7259811820656273	0.509501900380076	3
Stage IV-Stage I	TPDS&TMDE	Pyrimidine Metabolism	-1.005304168213731	0.7259811820656273	0.4873531169089823	1
Stage IV-Stage I	TPDS&TMDE	beta-Alanine metabolism	-0.9846150272402024	0.7259811820656273	0.520812587134037	1
Stage IV-Stage I	TPDS&TMDE	Fatty Acid Metabolism	-0.8962159703533074	0.8494766425457523	0.6552479585739892	1
Stage IV-Stage I	TPDS&TMDE	Keratan sulfate biosynthesis	-0.8905734773605269	0.8494766425457523	0.6648078072097192	1
Stage IV-Stage I	TPDS&TMDE	Ketone Bodies Metabolism	-0.8416718714230956	0.8934262948207171	0.7347142003584943	1
Stage IV-Stage I	TPDS&TMDE	Arginine and Proline Metabolism	-0.7160292771652164	0.9178991351666506	0.8056451612903226	4
Stage IV-Stage I	TPDS&TMDE	GABA shunt	-0.4312514080137498	0.9993979530403372	0.9955849889624724	2
Stage IV-Stage I	TPDS&TMDE	Fatty Acid Biosynthesis	-0.3990684671172012	0.9993979530403372	0.9993979530403372	2
Stage IV-Stage I	TPDS&TMDE	Steroid Metabolism	0.4826544345237038	0.9993979530403372	0.9884623035607718	6
Stage IV-Stage I	TPDS&TMDE	Histidine Metabolism	0.4913522970998675	0.9993979530403372	0.9792166266986412	3
Stage IV-Stage I	TPDS&TMDE	CYP Metabolism	0.6773542283466785	0.96106051982546	0.8774900398406374	2
Stage IV-Stage I	TPDS&TMDE	Methionine Metabolism	0.7605516832184329	0.9178991351666506	0.8181274900398406	2
Stage IV-Stage I	TPDS&TMDE	N-Glycan Degradation	0.7958759599207924	0.9178991351666506	0.803653884762096	1
Stage IV-Stage I	TPDS&TMDE	Xenobiotics Metabolism	0.8392755724860196	0.8934262948207171	0.7380478087649402	2
Stage IV-Stage I	TPDS&TMDE	Tyrosine metabolism	0.9309579750225028	0.7533950360592632	0.5568572005655423	9
Stage IV-Stage I	TPDS&TMDE	Chondroitin and Heparan sulfate biosynthesis	0.9924235857429476	0.7259811820656273	0.5112036486218521	4
Stage IV-Stage I	TPDS&TMDE	Glycolysis and Gluconeogenesis	1.0397244041279736	0.7259811820656273	0.4548879635137815	4
Stage IV-Stage I	TPDS&TMDE	Eicosanoid Metabolism	1.048396814033059	0.7259811820656273	0.4433868728931192	4
Stage IV-Stage I	TPDS&TMDE	Folate Metabolism	1.0543015657303674	0.7259811820656273	0.4280265007026701	1
Stage IV-Stage I	TPDS&TMDE	Tryptophan metabolism	1.0948966899233317	0.7259811820656273	0.3882470119521913	2
Stage IV-Stage I	TPDS&TMDE	Transport, Lysosomal	1.0983088246906936	0.7259811820656273	0.36016864083517364	1
Stage IV-Stage I	TPDS&TMDE	Retinol Metabolism	1.102054123325615	0.7259811820656273	0.3545472796627183	1
Stage IV-Stage I	TPDS&TMDE	Bile Acid Biosynthesis	1.126398564452604	0.7259811820656273	0.31519775145553103	1
Stage IV-Stage I	TPDS&TMDE	Galactose metabolism	1.1479340316034017	0.7259811820656273	0.2810680586227665	1
Stage IV-Stage I	TPDS&TMDE	Inositol Phosphate Metabolism	1.1479340316034017	0.7259811820656273	0.2810680586227665	1
Stage IV-Stage I	TPDS&TMDE	DNA Methylation	1.2284579522542114	0.7259811820656273	0.15017064846416384	1
Stage IV-Stage I	TPDS&TMDE	Triacylglycerol Synthesis	1.6255223565362331	0.2280388657545112	0.0049573666468372005	4
Stage IV-Stage I	MDS&TMDE	Tyrosine metabolism	-1.3204618617976047	0.3417912797103731	0.0813788761215174	2
Stage IV-Stage I	MDS&TMDE	Glycerophospholipid Metabolism	-1.2889643247596654	0.3417912797103731	0.07539118065433854	1
Stage IV-Stage I	MDS&TMDE	Alanine and Aspartate Metabolism	-1.2860677757152617	0.3417912797103731	0.08006502743344847	1
Stage IV-Stage I	MDS&TMDE	Cysteine Metabolism	-1.2860677757152617	0.3417912797103731	0.08006502743344847	1
Stage IV-Stage I	MDS&TMDE	Glycine, Serine and Threonine Metabolism	-1.2860677757152617	0.3417912797103731	0.08006502743344847	1
Stage IV-Stage I	MDS&TMDE	Phosphoinositide Signalling	-1.0688265973849809	0.6542291279133384	0.4049989839463524	1
Stage IV-Stage I	MDS&TMDE	Fatty Acid Biosynthesis	-1.0195852636301173	0.722414143466775	0.48160942897785	1
Stage IV-Stage I	MDS&TMDE	Retinol Metabolism	-0.7936544381666255	0.9004267425320058	0.8146718146718147	1
Stage IV-Stage I	MDS&TMDE	Transport, Extracellular	0.5153820579112498	0.9969135802469136	0.9969135802469136	3
Stage IV-Stage I	MDS&TMDE	Valine, Leucine and Isoleucine Metabolism	0.7059515085755319	0.9893835616438356	0.9422700587084148	1
Stage IV-Stage I	MDS&TMDE	Phenylalanine metabolism	0.8381560930517636	0.8342377739488898	0.6753353408157678	2
Stage IV-Stage I	MDS&TMDE	Steroid Metabolism	0.8419339712929501	0.8680365296803654	0.7440313111545989	1
Stage IV-Stage I	MDS&TMDE	Glycolysis and Gluconeogenesis	0.92294480014588	0.8126712328767124	0.6191780821917808	1
Stage IV-Stage I	MDS&TMDE	Ketone Bodies Metabolism	0.9412080717056692	0.7327675882836024	0.5234054202025732	2
Stage IV-Stage I	MDS&TMDE	Purine Metabolism	1.1110056528401815	0.5955479452054795	0.34031311154598826	1
Stage IV-Stage I	MDS&TMDE	Glycogen Synthesis	1.116792140615391	0.5955479452054795	0.33209393346379645	1
Stage IV-Stage I	MDS&TMDE	Histidine Metabolism	1.1399380917162278	0.5955479452054795	0.301174168297456	1
Stage IV-Stage I	MDS&TMDE	ROS Detoxification	1.1399380917162278	0.5955479452054795	0.301174168297456	1
Stage IV-Stage I	MDS&TMDE	Ethanol Metabolism	1.1399380917162278	0.5955479452054795	0.301174168297456	1
Stage IV-Stage I	MDS&TMDE	Xenobiotics Metabolism	1.1399380917162278	0.5955479452054795	0.301174168297456	1
Stage IV-Stage I	MDS&TMDE	Chondroitin and Heparan sulfate biosynthesis	1.2469289417122549	0.5955479452054795	0.23022173555981384	2
Stage IV-Stage I	TPDE&TMDS	Transport, Extracellular	-1.1383080895749187	0.990500692657827	0.3374322634431013	4
Stage IV-Stage I	TPDE&TMDS	Fructose and Mannose Metabolism	-1.0750194171658385	0.990500692657827	0.3825450227587572	1
Stage IV-Stage I	TPDE&TMDS	Oxidative Phosphorylation	-1.048768943025742	0.990500692657827	0.4245002968533544	1
Stage IV-Stage I	TPDE&TMDS	Steroid Metabolism	-1.0012680850579494	0.990500692657827	0.4973283198100138	1
Stage IV-Stage I	TPDE&TMDS	Carnitine shuttle	-0.9925179270112507	0.990500692657827	0.5113793785869779	1
Stage IV-Stage I	TPDE&TMDS	Fatty Acids Oxidation, mitochondrial	-0.9900178818550509	0.990500692657827	0.5145458143677023	1
Stage IV-Stage I	TPDE&TMDS	Retinol Metabolism	-0.9512671819339568	0.990500692657827	0.5796556501088462	1
Stage IV-Stage I	TPDE&TMDS	Ketone Bodies Metabolism	-0.9075163917004634	0.990500692657827	0.6404116366514941	1
Stage IV-Stage I	TPDE&TMDS	Glycolysis and Gluconeogenesis	-0.7355089601375461	0.990500692657827	0.7844668173412779	3
Stage IV-Stage I	TPDE&TMDS	O-Glycan Biosynthesis	-0.6900124631110962	0.990500692657827	0.9716999802097764	1
Stage IV-Stage I	TPDE&TMDS	Cysteine Metabolism	-0.6762622147519982	0.990500692657827	0.990500692657827	1
Stage IV-Stage I	TPDE&TMDS	Glutamate metabolism	-0.6762622147519982	0.990500692657827	0.990500692657827	1
Stage IV-Stage I	TPDE&TMDS	Cyclic Nucleotides Metabolism	-0.6145131165782842	0.990500692657827	0.9028148756934457	3
Stage IV-Stage I	TPDE&TMDS	Glycerophospholipid Metabolism	-0.5979862637481129	0.990500692657827	0.9196630367783027	3
Stage IV-Stage I	TPDE&TMDS	Chondroitin and Heparan sulfate biosynthesis	-0.5235781144102274	0.990500692657827	0.964583757378384	2
Stage IV-Stage I	TPDE&TMDS	Phosphoinositide Signalling	0.7326495988375049	0.990500692657827	0.9045408678102926	1
Stage IV-Stage I	TPDE&TMDS	CoA Biosynthesis	0.8541316690720998	0.990500692657827	0.7249243188698284	1
Stage IV-Stage I	TPDE&TMDS	Sphingolipid Metabolism	0.8704127712684888	0.990500692657827	0.7013118062563067	1
Stage IV-Stage I	TPDE&TMDS	Folate Metabolism	0.907984545567848	0.990500692657827	0.6486377396569122	1
Stage IV-Stage I	TPDE&TMDS	N-Glycan Degradation	0.9756137393066948	0.990500692657827	0.5380423814328961	1
Stage IV-Stage I	TPDE&TMDS	Citric Acid Cycle	1.0570192502886395	0.990500692657827	0.4193743693239153	1
Stage IV-Stage I	TPDE&TMDS	Pyrimidine Metabolism	1.1004871144038868	0.990500692657827	0.363297350343474	2
Stage IV-Stage I	TPDE&TMDS	Eicosanoid Metabolism	1.1284056214574223	0.990500692657827	0.29969727547931385	1
Stage IV-Stage I	TPDE&TMDS	Porphyrin and Heme Metabolism	1.1421819387005203	0.990500692657827	0.2791120080726539	1
Stage IV-Stage I	TPDE&TMDS	Purine Metabolism	1.2160730948225935	0.990500692657827	0.1705348133198789	1
Stage IV-Stage I	TPDS	Carbonic Acid Metabolism	-1.3908393788056572	0.8109288453344695	0.07051555176821474	2
Stage IV-Stage I	TPDS	Bile Acid Biosynthesis	-1.331506939351072	0.6420294943820225	0.011823647294589179	1
Stage IV-Stage I	TPDS	Fatty Acid Metabolism	-1.2913727410217652	0.8965931863727455	0.196319018404908	4
Stage IV-Stage I	TPDS	Purine Metabolism	-1.2568930234489426	0.8965931863727455	0.2298747763864043	3
Stage IV-Stage I	TPDS	Pyrimidine Metabolism	-1.230905837963263	0.8965931863727455	0.2538014311270125	3
Stage IV-Stage I	TPDS	GABA shunt	-1.2055766648263355	0.8965931863727455	0.27290157648061353	2
Stage IV-Stage I	TPDS	ROS Detoxification	-1.183629000455226	0.8965931863727455	0.3041144901610018	3
Stage IV-Stage I	TPDS	Histidine Metabolism	-1.1519443643852194	0.8965931863727455	0.3387302939923306	2
Stage IV-Stage I	TPDS	CoA Biosynthesis	-1.1302904056058545	0.8965931863727455	0.31082164328657313	1
Stage IV-Stage I	TPDS	DNA Demethylation	-1.040860835052424	0.8965931863727455	0.4460921843687375	1
Stage IV-Stage I	TPDS	CYP Metabolism	-1.0209875971516618	0.8965931863727455	0.4741482965931864	1
Stage IV-Stage I	TPDS	Phosphoinositide Signalling	-1.0011143592508995	0.8965931863727455	0.5022044088176353	1
Stage IV-Stage I	TPDS	Amino and Nucleotide Sugar Metabolism	-0.9017481697470879	0.8965931863727455	0.6557114228456914	1
Stage IV-Stage I	TPDS	Ketone Bodies Metabolism	-0.8830157103405699	0.8965931863727455	0.5955464667121109	4
Stage IV-Stage I	TPDS	Vitamin D	-0.8744224676335399	0.8965931863727455	0.6971943887775551	1
Stage IV-Stage I	TPDS	beta-Alanine metabolism	-0.8723298212511907	0.8965931863727455	0.6533873029399233	2
Stage IV-Stage I	TPDS	Ethanol Metabolism	-0.8677180681322801	0.8965931863727455	0.6256708407871199	3
Stage IV-Stage I	TPDS	Xenobiotics Metabolism	-0.8677180681322801	0.8965931863727455	0.6256708407871199	3
Stage IV-Stage I	TPDS	Carnitine shuttle	-0.8421284560448012	0.8965931863727455	0.7406813627254509	1
Stage IV-Stage I	TPDS	O-Glycan Biosynthesis	-0.839644301307206	0.8965931863727455	0.7450901803607214	1
Stage IV-Stage I	TPDS	Thiamine Metabolism	-0.822255218144039	0.8965931863727455	0.7739478957915832	1
Stage IV-Stage I	TPDS	Triacylglycerol Synthesis	-0.8201639183192259	0.8965931863727455	0.7030251384746485	2
Stage IV-Stage I	TPDS	Sugar Degradation	-0.7874770518177049	0.8965931863727455	0.8282565130260521	1
Stage IV-Stage I	TPDS	Polyamines Metabolism	-0.7650999096688184	0.8965931863727455	0.7662974009373669	2
Stage IV-Stage I	TPDS	Inositol Phosphate Metabolism	-0.7402781118033946	0.8965931863727455	0.8965931863727455	1
Stage IV-Stage I	TPDS	Fatty Acids Oxidation, mitochondrial	-0.6907234760412689	0.8965931863727455	0.8435277382645804	6
Stage IV-Stage I	TPDS	Biotin Metabolism	-0.6723605266786586	0.8965931863727455	0.8583297827013209	2
Stage IV-Stage I	TPDS	Fatty Acids Oxidation, peroxisomal	-0.6571069595090185	0.8965931863727455	0.8679845489661441	4
Stage IV-Stage I	TPDS	Lysine Metabolism	-0.642665048311018	0.8965931863727455	0.8807089297886844	4
Stage IV-Stage I	TPDS	Retinol Metabolism	-0.6420368046104363	0.8965931863727455	0.8885276358569438	5
Stage IV-Stage I	TPDS	Nucleotide Metabolism	-0.6255892609307374	0.8965931863727455	0.8953488372093024	3
Stage IV-Stage I	TPDS	Creatine Metabolism	0.7248850231427356	0.8965931863727455	0.8813782715119564	2
Stage IV-Stage I	TPDS	Cyclic Nucleotides Metabolism	0.7408455511505675	0.8965931863727455	0.8791426870410796	1
Stage IV-Stage I	TPDS	N-Glycan Biosynthesis	0.7730562272875485	0.8965931863727455	0.835681682873586	1
Stage IV-Stage I	TPDS	Cysteine Metabolism	0.7765347337773076	0.8965931863727455	0.7598314606741573	5
Stage IV-Stage I	TPDS	Pterin Biosynthesis	0.7845051788692556	0.8965931863727455	0.8124646959141405	2
Stage IV-Stage I	TPDS	Propanoate Metabolism	0.798119757753396	0.8965931863727455	0.7693420101229211	3
Stage IV-Stage I	TPDS	Transport, Extracellular	0.8183894923446946	0.8965931863727455	0.7124833997343958	11
Stage IV-Stage I	TPDS	NAD Metabolism	0.837477579561511	0.8965931863727455	0.7491565786862473	1
Stage IV-Stage I	TPDS	Methionine Metabolism	0.8563682742044775	0.8965931863727455	0.6500691562932227	6
Stage IV-Stage I	TPDS	Riboflavin Metabolism	0.8572995341073455	0.8965931863727455	0.7221670966461601	1
Stage IV-Stage I	TPDS	Folate Metabolism	0.8656042825188527	0.8965931863727455	0.63917704011065	6
Stage IV-Stage I	TPDS	Selenoamino acid metabolism	0.9078400972625112	0.8965931863727455	0.6520429297684052	2
Stage IV-Stage I	TPDS	Tryptophan metabolism	0.9258452379472624	0.8965931863727455	0.5998572193467785	4
Stage IV-Stage I	TPDS	Oxidative Phosphorylation	0.9381312611745856	0.8965931863727455	0.5834374442263074	4
Stage IV-Stage I	TPDS	Glycolysis and Gluconeogenesis	0.9592872695924708	0.8965931863727455	0.5137782204515272	11
Stage IV-Stage I	TPDS	Glutathione Metabolism	1.0156101854724586	0.8965931863727455	0.4924078091106291	3
Stage IV-Stage I	TPDS	Ascorbate uptake	1.0257861477469394	0.8965931863727455	0.4709267711847589	1
Stage IV-Stage I	TPDS	Glycine, Serine and Threonine Metabolism	1.0574148873537823	0.8965931863727455	0.39649348560398906	15
Stage IV-Stage I	TPDS	Alanine and Aspartate Metabolism	1.0684456534230449	0.8965931863727455	0.40283540802212997	6
Stage IV-Stage I	TPDS	Porphyrin and Heme Metabolism	1.0825087765835515	0.8965931863727455	0.3846733195255131	2
Stage IV-Stage I	TPDS	Glyoxylate and Dicarboxylate Metabolism	1.0930632994696827	0.8965931863727455	0.36471474298625495	2
Stage IV-Stage I	TPDS	Sphingolipid Metabolism	1.1248959204761122	0.8965931863727455	0.32109545544750945	1
Stage IV-Stage I	TPDS	Pyruvate Metabolism	1.1307737748692874	0.8965931863727455	0.3297026279391425	6
Stage IV-Stage I	TPDS	Valine, Leucine and Isoleucine Metabolism	1.1320032961607838	0.8965931863727455	0.3101307189542484	13
Stage IV-Stage I	TPDS	Chondroitin and Heparan sulfate biosynthesis	1.1323291534308004	0.8965931863727455	0.30859297479658665	1
Stage IV-Stage I	TPDS	Pyrimidine Biosynthesis	1.174450806840699	0.8965931863727455	0.24885890057551105	1
Stage IV-Stage I	TPDS	Urea Cycle	1.1774248094852036	0.8965931863727455	0.2743173300017848	4
Stage IV-Stage I	TPDS	Tyrosine metabolism	1.1869340534130008	0.8965931863727455	0.2670679277730009	7
Stage IV-Stage I	TPDS	Glycerophospholipid Metabolism	1.2268822296061808	0.8965931863727455	0.2010122921185828	3
Stage IV-Stage I	TPDS	Phenylalanine metabolism	1.2284339169829752	0.8965931863727455	0.21577726218097448	4
Stage IV-Stage I	TPDS	Fructose and Mannose Metabolism	1.24382764775112	0.8965931863727455	0.14407620559634848	1
Stage IV-Stage I	TPDS	Arginine and Proline Metabolism	1.2647055216712846	0.8965931863727455	0.18043905050865608	4
Stage IV-Stage I	TPDS	Pentose Phosphate Pathway	1.2868782741106792	0.8965931863727455	0.1604497590576477	4
Stage IV-Stage I	TPDS	Glutamate metabolism	1.3344598488515034	0.8965931863727455	0.12938904494382025	5
Stage IV-Stage I	TPDS	Eicosanoid Metabolism	1.4497829221960958	0.6420294943820225	0.029103398409255243	3
Stage IV-Stage I	TPDS	Transport, Lysosomal	1.461077904253935	0.7074438202247192	0.05126404494382023	5
Stage IV-Stage I	TPDS	Steroid Metabolism	1.5003340299180958	0.6420294943820225	0.03721910112359551	5
Stage IV-Stage I	TPDS	Citric Acid Cycle	1.557632443371366	0.6420294943820225	0.03506514396010938	15
